asset,liab,m_d,m_p,ir,gn
10900000.0,0.0,23.04.2018,32,1.7445,-1
0.0,26000000.0,23.04.2018,32,1.7445,-1
5600000.0,0.0,23.04.2018,32,1.7445,-1
0.0,11200000.0,23.04.2018,32,1.7445,-1
30800000.0,0.0,23.04.2018,32,1.7445,-1
0.0,7500000.0,23.04.2018,32,1.7445,-1
0.0,10500000.0,23.04.2018,32,1.7445,-1
0.0,40000000.0,23.04.2018,32,1.7445,-1
20700000.0,0.0,23.04.2018,32,1.7445,-1
0.0,10300000.0,23.04.2018,32,1.7445,-1
10300000.0,0.0,23.04.2018,32,1.7445,-1
0.0,10500000.0,23.04.2018,32,1.7445,-1
0.0,20900000.0,23.04.2018,32,1.7445,-1
0.0,20900000.0,23.04.2018,32,1.7445,-1
0.0,10000000.0,23.04.2018,32,1.7445,-1
0.0,11200000.0,23.04.2018,32,1.7445,-1
52000000.0,0.0,23.04.2018,32,1.7445,-1
0.0,17000000.0,23.04.2018,32,1.7445,-1
0.0,62000000.0,23.04.2018,32,1.7445,-1
0.0,20000000.0,23.04.2018,32,1.7445,-1
0.0,30000000.0,23.04.2018,32,1.7445,-1
0.0,12000000.0,23.04.2018,32,1.7445,-1
10000000.0,0.0,23.04.2018,32,1.7445,-1
10000000.0,0.0,23.04.2018,32,1.7445,-1
10000000.0,0.0,23.04.2018,32,1.7445,-1
14300000.0,0.0,23.04.2018,32,1.7445,-1
16800000.0,0.0,23.04.2018,32,1.7445,-1
10000000.0,0.0,23.04.2018,32,1.7445,-1
0.0,16300000.0,23.04.2018,32,1.7445,-1
10200000.0,0.0,23.04.2018,32,1.7445,-1
10400000.0,0.0,23.04.2018,32,1.7445,-1
10000000.0,0.0,23.04.2018,32,1.7445,-1
0.0,38200000.0,23.04.2018,32,1.7445,-1
20700000.0,0.0,23.04.2018,32,1.7445,-1
5400000.0,0.0,23.04.2018,32,1.7445,-1
0.0,31000000.0,23.04.2018,32,1.7445,-1
0.0,20500000.0,23.04.2018,32,1.7445,-1
0.0,41000000.0,23.04.2018,32,1.7447,-1
0.0,14400000.0,23.04.2018,32,1.7447,-1
20800000.0,0.0,23.04.2018,32,1.7447,-1
0.0,45300000.0,23.04.2018,32,1.7447,-1
0.0,10900000.0,23.04.2018,32,1.7447,-1
0.0,60500000.0,23.04.2018,32,1.7447,-1
30900000.0,0.0,23.04.2018,32,1.7447,-1
10300000.0,0.0,23.04.2018,32,1.7447,-1
20500000.0,0.0,23.04.2018,32,1.7447,-1
41000000.0,0.0,23.04.2018,32,1.7447,-1
26900000.0,0.0,23.04.2018,32,1.7447,-1
0.0,30600000.0,23.04.2018,32,1.7447,-1
250000000.0,0.0,23.04.2018,32,1.7447,-1
18300000.0,0.0,23.04.2018,32,1.7447,-1
0.0,51250000.0,23.04.2018,32,1.7447,-1
0.0,10400000.0,23.04.2018,32,1.7447,-1
10400000.0,0.0,23.04.2018,32,1.7447,-1
0.0,20500000.0,23.04.2018,32,1.7447,-1
0.0,5000000.0,23.04.2018,32,1.7447,-1
0.0,26700000.0,23.04.2018,32,1.7447,-1
0.0,75000000.0,23.04.2018,32,1.7447,-1
101900000.0,0.0,23.04.2018,32,1.7447,-1
55000000.0,0.0,23.04.2018,32,1.7447,-1
0.0,22500000.0,23.04.2018,32,1.7447,-1
0.0,18300000.0,23.04.2018,32,1.7447,-1
20800000.0,0.0,23.04.2018,32,1.7447,-1
0.0,44000000.0,23.04.2018,32,1.7447,-1
20900000.0,0.0,23.04.2018,32,1.7447,-1
20500000.0,0.0,23.04.2018,32,1.7447,-1
20500000.0,0.0,23.04.2018,32,1.7447,-1
0.0,130000000.0,23.04.2018,32,1.7447,-1
16000000.0,0.0,23.04.2018,32,1.7447,-1
200000000.0,0.0,23.04.2018,32,1.7447,-1
10200000.0,0.0,23.04.2018,32,1.7447,-1
0.0,20500000.0,23.04.2018,32,1.7447,-1
0.0,34500000.0,23.04.2018,32,1.7447,-1
72000000.0,0.0,23.04.2018,32,1.7447,-1
0.0,10200000.0,23.04.2018,32,1.7447,-1
21400000.0,0.0,23.04.2018,32,1.7447,-1
0.0,5000000.0,23.04.2018,32,1.7447,-1
35000000.0,0.0,23.04.2018,32,1.7447,-1
12300000.0,0.0,23.04.2018,32,1.7447,-1
24600000.0,0.0,23.04.2018,32,1.7447,-1
20800000.0,0.0,23.04.2018,32,1.7447,-1
0.0,20800000.0,23.04.2018,32,1.7447,-1
30600000.0,0.0,23.04.2018,32,1.7447,-1
0.0,52700000.0,23.04.2018,32,1.7447,-1
0.0,22743.97,23.04.2018,32,2.196,-1
25000000.0,0.0,24.04.2018,33,1.7413,0
0.0,25000000.0,24.04.2018,33,1.7413,0
10000000.0,0.0,24.04.2018,33,1.7413,0
2100000.0,0.0,24.04.2018,33,1.7413,0
11200000.0,0.0,24.04.2018,33,1.7413,0
0.0,106000000.0,24.04.2018,33,1.7413,0
0.0,11100000.0,24.04.2018,33,1.7413,0
8700000.0,0.0,24.04.2018,33,1.7413,0
56200000.0,0.0,24.04.2018,33,1.7413,0
0.0,31800000.0,24.04.2018,33,1.7413,0
12700000.0,0.0,24.04.2018,33,1.7413,0
0.0,2100000.0,24.04.2018,33,1.7413,0
16000000.0,0.0,24.04.2018,33,1.7413,0
0.0,31000000.0,24.04.2018,33,1.7413,0
5400000.0,0.0,24.04.2018,33,1.7413,0
10400000.0,0.0,24.04.2018,33,1.7413,0
10400000.0,0.0,24.04.2018,33,1.7413,0
60000000.0,0.0,24.04.2018,33,1.7413,0
0.0,11200000.0,24.04.2018,33,1.7413,0
11200000.0,0.0,24.04.2018,33,1.7413,0
50300000.0,0.0,24.04.2018,33,1.7413,0
51000000.0,0.0,24.04.2018,33,1.7413,0
0.0,25000000.0,24.04.2018,33,1.7413,0
50000000.0,0.0,24.04.2018,33,1.7413,0
0.0,10400000.0,24.04.2018,33,1.7413,0
0.0,26300000.0,24.04.2018,33,1.7413,0
54800000.0,0.0,24.04.2018,33,1.7413,0
1100000.0,0.0,24.04.2018,33,1.7413,0
56200000.0,0.0,24.04.2018,33,1.7413,0
0.0,106000000.0,24.04.2018,33,1.7413,0
0.0,54700000.0,24.04.2018,33,1.7413,0
10000000.0,0.0,24.04.2018,33,1.7413,0
22800000.0,0.0,24.04.2018,33,1.7413,0
0.0,104000000.0,24.04.2018,33,1.7413,0
20500000.0,0.0,24.04.2018,33,1.7413,0
0.0,10400000.0,24.04.2018,33,1.7413,0
0.0,38600000.0,24.04.2018,33,1.7413,0
10300000.0,0.0,24.04.2018,33,1.7413,0
175000000.0,0.0,24.04.2018,33,1.7413,0
25000000.0,0.0,24.04.2018,33,1.7413,0
10000000.0,0.0,24.04.2018,33,1.7413,0
2100000.0,0.0,24.04.2018,33,1.7413,0
0.0,20800000.0,24.04.2018,33,1.7413,0
0.0,53359.31,24.04.2018,33,2.75,0
11118871.39,0.0,24.04.2018,33,3.416,0
20400000.0,0.0,25.04.2018,34,1.7452,0
14300000.0,0.0,25.04.2018,34,1.7452,0
0.0,30000000.0,25.04.2018,34,1.7452,0
0.0,10000000.0,25.04.2018,34,1.7452,0
11200000.0,0.0,25.04.2018,34,1.7452,0
0.0,20800000.0,25.04.2018,34,1.7452,0
0.0,9000000.0,25.04.2018,34,1.7452,0
14600000.0,0.0,25.04.2018,34,1.7452,0
0.0,14600000.0,25.04.2018,34,1.7452,0
14300000.0,0.0,25.04.2018,34,1.7452,0
0.0,10200000.0,25.04.2018,34,1.7452,0
10200000.0,0.0,25.04.2018,34,1.7452,0
10200000.0,0.0,25.04.2018,34,1.7452,0
12500000.0,0.0,25.04.2018,34,1.7452,0
27400000.0,0.0,25.04.2018,34,1.7452,0
25300000.0,0.0,25.04.2018,34,1.7452,0
0.0,14300000.0,25.04.2018,34,1.7452,0
0.0,24900000.0,25.04.2018,34,1.7452,0
0.0,20700000.0,25.04.2018,34,1.7452,0
0.0,50000000.0,25.04.2018,34,1.7452,0
20500000.0,0.0,25.04.2018,34,1.7452,0
0.0,22000000.0,25.04.2018,34,1.7452,0
0.0,12500000.0,25.04.2018,34,1.7452,0
0.0,52000000.0,25.04.2018,34,1.7452,0
10200000.0,0.0,25.04.2018,34,1.7452,0
0.0,10200000.0,25.04.2018,34,1.7452,0
10400000.0,0.0,25.04.2018,34,1.7452,0
25000000.0,0.0,25.04.2018,34,1.7452,0
0.0,11200000.0,26.04.2018,35,1.7525,0
20000000.0,0.0,26.04.2018,35,1.7525,0
51900000.0,0.0,26.04.2018,35,1.7525,0
0.0,30800000.0,26.04.2018,35,1.7525,0
10200000.0,0.0,26.04.2018,35,1.7525,0
0.0,10000000.0,26.04.2018,35,1.7525,0
16700000.0,0.0,26.04.2018,35,1.7525,0
0.0,54800000.0,26.04.2018,35,1.7525,0
50000000.0,0.0,26.04.2018,35,1.7525,0
50000000.0,0.0,26.04.2018,35,1.7525,0
12300000.0,0.0,26.04.2018,35,1.7525,0
15500000.0,0.0,26.04.2018,35,1.7525,0
0.0,16700000.0,26.04.2018,35,1.7525,0
0.0,50000000.0,26.04.2018,35,1.7525,0
20500000.0,0.0,26.04.2018,35,1.7525,0
10200000.0,0.0,26.04.2018,35,1.7525,0
50000000.0,0.0,26.04.2018,35,1.7525,0
20900000.0,0.0,26.04.2018,35,1.7525,0
0.0,31500000.0,26.04.2018,35,1.7525,0
0.0,27300000.0,26.04.2018,35,1.7525,0
0.0,75000000.0,26.04.2018,35,1.7525,0
0.0,20400000.0,26.04.2018,35,1.7525,0
10200000.0,0.0,26.04.2018,35,1.7525,0
10300000.0,0.0,26.04.2018,35,1.7525,0
20800000.0,0.0,26.04.2018,35,1.7525,0
9000000.0,0.0,26.04.2018,35,1.7525,0
109500000.0,0.0,26.04.2018,35,1.7525,0
10400000.0,0.0,26.04.2018,35,1.7525,0
0.0,10400000.0,26.04.2018,35,1.7525,0
0.0,10400000.0,26.04.2018,35,1.7525,0
20500000.0,0.0,26.04.2018,35,1.7525,0
0.0,12300000.0,26.04.2018,35,1.7525,0
40000000.0,0.0,27.04.2018,36,1.4685,0
0.0,21000000.0,27.04.2018,36,1.4725,0
0.0,40000000.0,27.04.2018,36,1.5622,0
21000000.0,0.0,27.04.2018,36,1.5622,0
121700000.0,0.0,27.04.2018,36,1.7603,0
111000000.0,0.0,27.04.2018,36,1.7603,0
102500000.0,0.0,27.04.2018,36,1.7603,0
0.0,20500000.0,27.04.2018,36,1.7603,0
0.0,5400000.0,27.04.2018,36,1.7603,0
0.0,20100000.0,27.04.2018,36,1.7603,0
27400000.0,0.0,27.04.2018,36,1.7603,0
27500000.0,0.0,27.04.2018,36,1.7603,0
0.0,30000000.0,27.04.2018,36,1.7603,0
10200000.0,0.0,27.04.2018,36,1.7603,0
0.0,10200000.0,27.04.2018,36,1.7603,0
10300000.0,0.0,27.04.2018,36,1.7603,0
17000000.0,0.0,27.04.2018,36,1.7603,0
10300000.0,0.0,27.04.2018,36,1.7603,0
55000000.0,0.0,27.04.2018,36,1.7603,0
24500000.0,0.0,27.04.2018,36,1.7603,0
16700000.0,0.0,27.04.2018,36,1.7603,0
109800000.0,0.0,27.04.2018,36,1.7603,0
25000000.0,0.0,27.04.2018,36,1.7603,0
0.0,20500000.0,27.04.2018,36,1.7603,0
1000000.0,0.0,27.04.2018,36,1.7603,0
0.0,109500000.0,27.04.2018,36,1.7603,0
10400000.0,0.0,27.04.2018,36,1.7603,0
7600000.0,0.0,27.04.2018,36,1.7603,0
0.0,208600000.0,27.04.2018,36,1.7603,0
0.0,1000000.0,27.04.2018,36,1.7603,0
0.0,135400000.0,27.04.2018,36,1.7603,0
9000000.0,0.0,27.04.2018,36,1.7603,0
27000000.0,0.0,27.04.2018,36,1.7603,0
6300000.0,0.0,27.04.2018,36,1.7603,0
14600000.0,0.0,27.04.2018,36,1.7603,0
20800000.0,0.0,27.04.2018,36,1.7603,0
20000000.0,0.0,27.04.2018,36,1.7603,0
20500000.0,0.0,27.04.2018,36,1.7603,0
0.0,10200000.0,27.04.2018,36,1.7603,0
54800000.0,0.0,27.04.2018,36,1.7603,0
13000000.0,0.0,27.04.2018,36,1.7603,0
7000000.0,0.0,27.04.2018,36,1.7603,0
51900000.0,0.0,27.04.2018,36,1.7603,0
0.0,27400000.0,27.04.2018,36,1.7603,0
0.0,1000000.0,27.04.2018,36,1.7603,0
9400000.0,0.0,27.04.2018,36,1.7603,0
12200000.0,0.0,27.04.2018,36,1.7603,0
0.0,210000000.0,27.04.2018,36,1.7603,0
100000000.0,0.0,27.04.2018,36,1.7603,0
0.0,104000000.0,27.04.2018,36,1.7603,0
14000000.0,0.0,27.04.2018,36,1.7603,0
0.0,52000000.0,27.04.2018,36,1.7603,0
102600000.0,0.0,27.04.2018,36,1.7603,0
15100000.0,0.0,27.04.2018,36,1.7603,0
0.0,52100000.0,27.04.2018,36,1.7603,0
24600000.0,0.0,27.04.2018,36,1.7603,0
20500000.0,0.0,27.04.2018,36,1.7603,0
31000000.0,0.0,27.04.2018,36,1.7603,0
0.0,30700000.0,27.04.2018,36,1.7603,0
10200000.0,0.0,27.04.2018,36,1.7603,0
0.0,100000000.0,27.04.2018,36,1.7603,0
0.0,53500000.0,27.04.2018,36,1.7603,0
0.0,104900000.0,27.04.2018,36,1.7603,0
208400000.0,0.0,27.04.2018,36,1.7603,0
16700000.0,0.0,27.04.2018,36,1.7603,0
10400000.0,0.0,27.04.2018,36,1.7603,0
31300000.0,0.0,27.04.2018,36,1.7603,0
0.0,20500000.0,27.04.2018,36,1.7603,0
0.0,20500000.0,27.04.2018,36,1.7603,0
25000000.0,0.0,27.04.2018,36,1.7603,0
0.0,20800000.0,27.04.2018,36,1.7603,0
35000000.0,0.0,27.04.2018,36,1.7669,0
0.0,20000000.0,27.04.2018,36,2.1841,0
0.0,375731.11,27.04.2018,36,3.0,0
0.0,905331.69,27.04.2018,36,3.0,0
0.0,427.07,27.04.2018,36,3.0,0
0.0,68303.99,27.04.2018,36,3.0,0
0.0,146281.04,27.04.2018,36,4.0,0
0.0,1023628.17,27.04.2018,36,4.0,0
0.0,50000000.0,28.04.2018,37,0.9745,0
261500000.0,0.0,30.04.2018,39,0.8495,0
0.0,20500000.0,30.04.2018,39,1.7603,0
0.0,16800000.0,30.04.2018,39,1.7603,0
18500000.0,0.0,30.04.2018,39,1.7603,0
61600000.0,0.0,30.04.2018,39,1.7603,0
46400000.0,0.0,30.04.2018,39,1.7603,0
0.0,14400000.0,30.04.2018,39,1.7603,0
0.0,68500000.0,30.04.2018,39,1.7603,0
61600000.0,0.0,30.04.2018,39,1.7603,0
20700000.0,0.0,30.04.2018,39,1.7603,0
0.0,10800000.0,30.04.2018,39,1.7603,0
0.0,20500000.0,30.04.2018,39,1.7603,0
0.0,53100000.0,30.04.2018,39,1.7603,0
0.0,15700000.0,30.04.2018,39,1.7603,0
0.0,20600000.0,30.04.2018,39,1.7603,0
10700000.0,0.0,30.04.2018,39,1.7603,0
0.0,10400000.0,30.04.2018,39,1.7603,0
6400000.0,0.0,30.04.2018,39,1.7603,0
0.0,8200000.0,30.04.2018,39,1.7603,0
0.0,43000000.0,30.04.2018,39,1.7603,0
31700000.0,0.0,30.04.2018,39,1.7603,0
0.0,89200000.0,30.04.2018,39,1.7603,0
0.0,22500000.0,30.04.2018,39,1.7603,0
0.0,12500000.0,30.04.2018,39,1.7603,0
0.0,20900000.0,30.04.2018,39,1.7603,0
0.0,16000000.0,30.04.2018,39,1.7603,0
0.0,3000000.0,30.04.2018,39,1.7603,0
14300000.0,0.0,30.04.2018,39,1.7603,0
14600000.0,0.0,30.04.2018,39,1.7603,0
0.0,31300000.0,30.04.2018,39,1.7603,0
0.0,40000000.0,30.04.2018,39,1.7603,0
122000000.0,0.0,30.04.2018,39,1.7603,0
30900000.0,0.0,30.04.2018,39,1.7603,0
10200000.0,0.0,30.04.2018,39,1.7603,0
0.0,4800000.0,30.04.2018,39,1.7603,0
0.0,12300000.0,30.04.2018,39,1.7603,0
0.0,28700000.0,30.04.2018,39,1.7603,0
21200000.0,0.0,30.04.2018,39,1.7603,0
7800000.0,0.0,30.04.2018,39,1.7603,0
0.0,14300000.0,30.04.2018,39,1.7603,0
10200000.0,0.0,30.04.2018,39,1.7603,0
0.0,10300000.0,30.04.2018,39,1.7603,0
0.0,14300000.0,30.04.2018,39,1.7603,0
22000000.0,0.0,30.04.2018,39,1.7603,0
11300000.0,0.0,30.04.2018,39,1.7603,0
25000000.0,0.0,30.04.2018,39,1.7603,0
0.0,29250000.0,30.04.2018,39,1.7603,0
30500000.0,0.0,30.04.2018,39,1.7603,0
0.0,12200000.0,30.04.2018,39,1.7603,0
0.0,49300000.0,30.04.2018,39,1.7603,0
10400000.0,0.0,30.04.2018,39,1.7603,0
0.0,23000000.0,30.04.2018,39,1.7603,0
0.0,20700000.0,30.04.2018,39,1.7603,0
0.0,10300000.0,30.04.2018,39,1.7603,0
50000000.0,0.0,30.04.2018,39,1.7603,0
102300000.0,0.0,30.04.2018,39,1.7603,0
0.0,31300000.0,30.04.2018,39,1.7603,0
20500000.0,0.0,30.04.2018,39,1.7603,0
6300000.0,0.0,30.04.2018,39,1.7603,0
0.0,25000000.0,30.04.2018,39,1.7603,0
0.0,8200000.0,30.04.2018,39,1.7603,0
0.0,55600000.0,30.04.2018,39,1.7669,0
102300000.0,0.0,30.04.2018,39,1.7669,0
0.0,50000000.0,30.04.2018,39,1.7669,0
20000000.0,0.0,30.04.2018,39,1.7669,0
48700000.0,0.0,30.04.2018,39,1.7669,0
18900000.0,0.0,30.04.2018,39,1.7669,0
0.0,10000000.0,30.04.2018,39,1.7669,0
0.0,4000000.0,30.04.2018,39,1.7669,0
0.0,1000000.0,30.04.2018,39,1.7669,0
30900000.0,0.0,30.04.2018,39,1.7669,0
0.0,10500000.0,30.04.2018,39,1.7669,0
50000000.0,0.0,30.04.2018,39,1.7669,0
20000000.0,0.0,30.04.2018,39,1.7669,0
22000000.0,0.0,30.04.2018,39,1.7669,0
0.0,40000000.0,30.04.2018,39,1.7669,0
0.0,60200000.0,30.04.2018,39,1.7669,0
0.0,40000000.0,30.04.2018,39,1.7669,0
0.0,261500000.0,30.04.2018,39,1.7669,0
0.0,40000000.0,30.04.2018,39,1.7669,0
0.0,17000000.0,30.04.2018,39,1.7669,0
0.0,15000000.0,30.04.2018,39,1.7669,0
0.0,10000000.0,30.04.2018,39,1.7669,0
18900000.0,0.0,30.04.2018,39,1.7669,0
7600000.0,0.0,30.04.2018,39,1.7669,0
0.0,1200000.0,30.04.2018,39,1.7669,0
0.0,10000000.0,30.04.2018,39,1.7669,0
0.0,20000000.0,30.04.2018,39,1.7669,0
0.0,15000000.0,30.04.2018,39,1.7669,0
11000000.0,0.0,30.04.2018,39,1.7669,0
0.0,2500000.0,30.04.2018,39,1.7669,0
1000000.0,0.0,30.04.2018,39,1.7669,0
0.0,10000000.0,30.04.2018,39,1.7669,0
17200000.0,0.0,30.04.2018,39,1.7669,0
0.0,10000000.0,30.04.2018,39,1.7669,0
5600000.0,0.0,30.04.2018,39,1.7669,0
10000000.0,0.0,30.04.2018,39,1.7669,0
0.0,20800000.0,30.04.2018,39,1.7669,0
15000000.0,0.0,30.04.2018,39,1.7669,0
10300000.0,0.0,30.04.2018,39,1.7669,0
0.0,53600000.0,30.04.2018,39,1.7669,0
16400000.0,0.0,30.04.2018,39,1.7669,0
30800000.0,0.0,30.04.2018,39,1.7669,0
80000000.0,0.0,30.04.2018,39,1.7723,0
20500000.0,0.0,30.04.2018,39,1.7723,0
10600000.0,0.0,30.04.2018,39,1.7723,0
0.0,20500000.0,30.04.2018,39,1.7723,0
10600000.0,0.0,30.04.2018,39,1.7723,0
62100000.0,0.0,30.04.2018,39,1.7723,0
0.0,50000000.0,30.04.2018,39,1.7723,0
0.0,41200000.0,30.04.2018,39,1.7723,0
21000000.0,0.0,30.04.2018,39,1.7723,0
28000000.0,0.0,30.04.2018,39,1.7723,0
51100000.0,0.0,30.04.2018,39,1.7723,0
123000000.0,0.0,30.04.2018,39,1.7723,0
10300000.0,0.0,30.04.2018,39,1.7723,0
12700000.0,0.0,30.04.2018,39,1.7723,0
37100000.0,0.0,30.04.2018,39,1.7723,0
0.0,12000000.0,30.04.2018,39,1.7723,0
16000000.0,0.0,30.04.2018,39,1.7723,0
0.0,79600000.0,30.04.2018,39,1.7723,0
0.0,31500000.0,30.04.2018,39,1.7723,0
21200000.0,0.0,30.04.2018,39,1.7723,0
0.0,14000000.0,30.04.2018,39,1.7723,0
14300000.0,0.0,30.04.2018,39,1.7723,0
0.0,10200000.0,30.04.2018,39,1.7723,0
10600000.0,0.0,30.04.2018,39,1.7723,0
10000000.0,0.0,30.04.2018,39,1.7723,0
0.0,28000000.0,30.04.2018,39,1.7723,0
0.0,27500000.0,30.04.2018,39,1.7723,0
20500000.0,0.0,30.04.2018,39,1.7723,0
0.0,20500000.0,30.04.2018,39,1.7723,0
10200000.0,0.0,30.04.2018,39,1.7723,0
0.0,20900000.0,30.04.2018,39,1.7723,0
0.0,16700000.0,30.04.2018,39,1.7723,0
18800000.0,0.0,30.04.2018,39,1.7723,0
75000000.0,0.0,30.04.2018,39,1.7723,0
12000000.0,0.0,30.04.2018,39,1.7723,0
0.0,27000000.0,30.04.2018,39,1.7723,0
0.0,71600000.0,30.04.2018,39,1.7723,0
10200000.0,0.0,30.04.2018,39,1.7723,0
0.0,6400000.0,30.04.2018,39,1.7723,0
20600000.0,0.0,30.04.2018,39,1.7723,0
0.0,90000000.0,30.04.2018,39,1.7723,0
0.0,10000000.0,30.04.2018,39,1.7723,0
0.0,46400000.0,30.04.2018,39,1.7723,0
10300000.0,0.0,30.04.2018,39,1.7723,0
20600000.0,0.0,30.04.2018,39,1.7723,0
0.0,79000000.0,30.04.2018,39,1.7723,0
20900000.0,0.0,30.04.2018,39,1.7723,0
0.0,142900000.0,30.04.2018,39,1.7723,0
0.0,300000000.0,30.04.2018,39,1.8278,0
26598.02,0.0,30.04.2018,39,2.75,0
0.0,401274.24,30.04.2018,39,3.0,0
0.0,5418259.76,30.04.2018,39,3.723,0
0.0,479998.07,30.04.2018,39,4.0,0
1479990.43,0.0,30.04.2018,39,4.375,0
0.0,630619.9,30.04.2018,39,9.125,0
0.0,14300000.0,01.05.2018,40,1.7734,0
23400000.0,0.0,01.05.2018,40,1.7734,0
35100000.0,0.0,01.05.2018,40,1.7734,0
0.0,50800000.0,01.05.2018,40,1.7734,0
0.0,53000000.0,01.05.2018,40,1.7734,0
0.0,20500000.0,01.05.2018,40,1.7734,0
56300000.0,0.0,01.05.2018,40,1.7734,0
0.0,38400000.0,01.05.2018,40,1.7734,0
0.0,155100000.0,01.05.2018,40,1.7734,0
34600000.0,0.0,01.05.2018,40,1.7734,0
6000000.0,0.0,01.05.2018,40,1.7734,0
10300000.0,0.0,01.05.2018,40,1.7734,0
0.0,10300000.0,01.05.2018,40,1.7734,0
5100000.0,0.0,01.05.2018,40,1.7734,0
123500000.0,0.0,01.05.2018,40,1.7734,0
0.0,84000000.0,01.05.2018,40,1.7734,0
54000000.0,0.0,01.05.2018,40,1.7734,0
0.0,2600000.0,01.05.2018,40,1.7734,0
98000000.0,0.0,01.05.2018,40,1.7734,0
0.0,102800000.0,01.05.2018,40,1.7734,0
10300000.0,0.0,01.05.2018,40,1.7734,0
10300000.0,0.0,01.05.2018,40,1.7734,0
2100000.0,0.0,01.05.2018,40,1.7734,0
12000000.0,0.0,01.05.2018,40,1.7734,0
53100000.0,0.0,01.05.2018,40,1.7734,0
0.0,10600000.0,01.05.2018,40,1.7734,0
0.0,10600000.0,01.05.2018,40,1.7734,0
0.0,13500000.0,01.05.2018,40,1.7734,0
0.0,90000000.0,01.05.2018,40,1.7734,0
30000000.0,0.0,01.05.2018,40,1.7734,0
0.0,102500000.0,01.05.2018,40,1.7734,0
0.0,19600000.0,01.05.2018,40,1.7734,0
0.0,13100000.0,01.05.2018,40,1.7734,0
97000000.0,0.0,01.05.2018,40,1.7734,0
0.0,54800000.0,01.05.2018,40,1.7734,0
50300000.0,0.0,01.05.2018,40,1.7734,0
0.0,13100000.0,01.05.2018,40,1.7734,0
0.0,15900000.0,01.05.2018,40,1.7734,0
23400000.0,0.0,01.05.2018,40,1.7734,0
29600000.0,0.0,01.05.2018,40,1.7734,0
48600000.0,0.0,01.05.2018,40,1.7734,0
106100000.0,0.0,01.05.2018,40,1.7734,0
6400000.0,0.0,01.05.2018,40,1.7734,0
0.0,11100000.0,01.05.2018,40,1.7734,0
0.0,75000000.0,01.05.2018,40,1.7734,0
0.0,20900000.0,01.05.2018,40,1.7734,0
0.0,11000000.0,01.05.2018,40,1.7734,0
0.0,6200000.0,01.05.2018,40,1.7734,0
20000000.0,0.0,01.05.2018,40,1.7734,0
10300000.0,0.0,01.05.2018,40,1.7734,0
0.0,103500000.0,01.05.2018,40,1.7734,0
115000000.0,0.0,01.05.2018,40,1.7734,0
106900000.0,0.0,01.05.2018,40,1.7734,0
0.0,10200000.0,01.05.2018,40,1.7734,0
0.0,204900000.0,01.05.2018,40,1.7734,0
50400000.0,0.0,01.05.2018,40,1.7734,0
0.0,10400000.0,01.05.2018,40,1.7734,0
50800000.0,0.0,01.05.2018,40,1.7734,0
0.0,2100000.0,01.05.2018,40,1.7734,0
50000000.0,0.0,02.05.2018,41,1.7734,0
0.0,4200000.0,02.05.2018,41,1.7778,0
0.0,10200000.0,02.05.2018,41,1.7778,0
0.0,108600000.0,02.05.2018,41,1.7778,0
16000000.0,0.0,02.05.2018,41,1.7778,0
20500000.0,0.0,02.05.2018,41,1.7778,0
0.0,1000000.0,02.05.2018,41,1.7778,0
0.0,10400000.0,02.05.2018,41,1.7778,0
0.0,54800000.0,02.05.2018,41,1.7778,0
50000000.0,0.0,02.05.2018,41,1.7778,0
0.0,31000000.0,02.05.2018,41,1.7778,0
50400000.0,0.0,02.05.2018,41,1.7778,0
0.0,16700000.0,02.05.2018,41,1.7778,0
0.0,10500000.0,02.05.2018,41,1.7778,0
0.0,7400000.0,02.05.2018,41,1.7778,0
10400000.0,0.0,02.05.2018,41,1.7778,0
0.0,20000000.0,02.05.2018,41,1.7778,0
9000000.0,0.0,02.05.2018,41,1.7778,0
183500000.0,0.0,02.05.2018,41,1.7778,0
0.0,10800000.0,02.05.2018,41,1.7778,0
0.0,16600000.0,02.05.2018,41,1.7778,0
0.0,5000000.0,02.05.2018,41,1.7778,0
0.0,10400000.0,02.05.2018,41,1.7778,0
16400000.0,0.0,02.05.2018,41,1.7778,0
14400000.0,0.0,02.05.2018,41,1.7778,0
10400000.0,0.0,02.05.2018,41,1.7778,0
0.0,20800000.0,02.05.2018,41,1.7778,0
46300000.0,0.0,03.05.2018,42,1.787,0
50900000.0,0.0,03.05.2018,42,1.787,0
0.0,5200000.0,03.05.2018,42,1.787,0
0.0,80000000.0,03.05.2018,42,1.787,0
0.0,5400000.0,03.05.2018,42,1.787,0
31000000.0,0.0,03.05.2018,42,1.787,0
10900000.0,0.0,03.05.2018,42,1.787,0
0.0,12700000.0,03.05.2018,42,1.787,0
0.0,30800000.0,03.05.2018,42,1.787,0
0.0,20500000.0,03.05.2018,42,1.787,0
12800000.0,0.0,03.05.2018,42,1.787,0
2100000.0,0.0,03.05.2018,42,1.787,0
10400000.0,0.0,03.05.2018,42,1.787,0
16700000.0,0.0,03.05.2018,42,1.787,0
20000000.0,0.0,03.05.2018,42,1.787,0
0.0,56000000.0,03.05.2018,42,1.787,0
20500000.0,0.0,03.05.2018,42,1.787,0
11000000.0,0.0,03.05.2018,42,1.787,0
0.0,5000000.0,03.05.2018,42,1.787,0
11300000.0,0.0,03.05.2018,42,1.787,0
14000000.0,0.0,03.05.2018,42,1.787,0
0.0,10400000.0,03.05.2018,42,1.787,0
0.0,10000000.0,03.05.2018,42,1.787,0
0.0,50700000.0,03.05.2018,42,1.787,0
0.0,10000000.0,03.05.2018,42,1.787,0
0.0,11000000.0,03.05.2018,42,1.787,0
106300000.0,0.0,03.05.2018,42,1.787,0
10300000.0,0.0,03.05.2018,42,1.787,0
10200000.0,0.0,03.05.2018,42,1.787,0
0.0,10200000.0,03.05.2018,42,1.787,0
12300000.0,0.0,03.05.2018,42,1.787,0
0.0,30700000.0,03.05.2018,42,1.787,0
0.0,27400000.0,03.05.2018,42,1.787,0
41600000.0,0.0,03.05.2018,42,1.787,0
10000000.0,0.0,03.05.2018,42,1.787,0
0.0,10400000.0,03.05.2018,42,1.787,0
46300000.0,0.0,03.05.2018,42,1.787,0
0.0,31300000.0,03.05.2018,42,1.787,0
51600000.0,0.0,03.05.2018,42,1.787,0
0.0,11000000.0,03.05.2018,42,1.787,0
0.0,20600000.0,03.05.2018,42,1.787,0
0.0,16500000.0,03.05.2018,42,1.787,0
20700000.0,0.0,03.05.2018,42,1.787,0
10300000.0,0.0,03.05.2018,42,1.787,0
0.0,20900000.0,03.05.2018,42,1.787,0
50000000.0,0.0,03.05.2018,42,1.787,0
20500000.0,0.0,04.05.2018,43,1.787,0
0.0,8600000.0,04.05.2018,43,1.787,0
6600000.0,0.0,04.05.2018,43,1.787,0
22000000.0,0.0,04.05.2018,43,1.787,0
29800000.0,0.0,04.05.2018,43,1.787,0
0.0,20500000.0,04.05.2018,43,1.787,0
0.0,10300000.0,04.05.2018,43,1.787,0
6500000.0,0.0,04.05.2018,43,1.787,0
16000000.0,0.0,04.05.2018,43,1.787,0
0.0,20800000.0,04.05.2018,43,1.787,0
15700000.0,0.0,04.05.2018,43,1.787,0
0.0,10000000.0,04.05.2018,43,1.787,0
0.0,30500000.0,04.05.2018,43,1.787,0
0.0,10200000.0,04.05.2018,43,1.787,0
10200000.0,0.0,04.05.2018,43,1.787,0
0.0,20000000.0,04.05.2018,43,1.787,0
82500000.0,0.0,04.05.2018,43,1.787,0
26800000.0,0.0,04.05.2018,43,1.787,0
10800000.0,0.0,04.05.2018,43,1.787,0
0.0,500000000.0,04.05.2018,43,1.787,0
0.0,40900000.0,04.05.2018,43,1.787,0
0.0,14100000.0,04.05.2018,43,1.787,0
0.0,20500000.0,04.05.2018,43,1.787,0
4500000.0,0.0,04.05.2018,43,1.787,0
20500000.0,0.0,04.05.2018,43,1.787,0
20500000.0,0.0,04.05.2018,43,1.787,0
38100000.0,0.0,04.05.2018,43,1.787,0
0.0,8600000.0,04.05.2018,43,1.787,0
0.0,1000.0,04.05.2018,43,1.787,0
0.0,10400000.0,04.05.2018,43,1.787,0
0.0,41700000.0,04.05.2018,43,1.787,0
50000000.0,0.0,06.05.2018,45,0.905,0
0.0,10000000.0,07.05.2018,46,1.787,0
0.0,10000000.0,07.05.2018,46,1.787,0
10000000.0,0.0,07.05.2018,46,1.787,0
550000000.0,0.0,07.05.2018,46,1.7935,0
0.0,5897734.37,07.05.2018,46,6.375,0
0.0,15000000.0,08.05.2018,47,1.405,0
0.0,10000000.0,08.05.2018,47,1.787,0
43000000.0,0.0,08.05.2018,47,1.787,0
75000000.0,0.0,08.05.2018,47,1.787,0
50000000.0,0.0,08.05.2018,47,1.787,0
0.0,12800000.0,08.05.2018,47,1.787,0
0.0,20600000.0,08.05.2018,47,1.787,0
21200000.0,0.0,08.05.2018,47,1.787,0
0.0,12800000.0,08.05.2018,47,1.787,0
10200000.0,0.0,08.05.2018,47,1.787,0
10200000.0,0.0,08.05.2018,47,1.787,0
0.0,14300000.0,08.05.2018,47,1.787,0
10200000.0,0.0,08.05.2018,47,1.787,0
0.0,5100000.0,08.05.2018,47,1.787,0
10300000.0,0.0,08.05.2018,47,1.787,0
0.0,50000000.0,08.05.2018,47,1.787,0
16000000.0,0.0,08.05.2018,47,1.787,0
0.0,61000000.0,08.05.2018,47,1.787,0
50000000.0,0.0,08.05.2018,47,1.787,0
0.0,50000000.0,08.05.2018,47,1.787,0
0.0,102000000.0,08.05.2018,47,1.787,0
0.0,20600000.0,08.05.2018,47,1.787,0
2100000.0,0.0,08.05.2018,47,1.787,0
0.0,12400000.0,08.05.2018,47,1.787,0
12700000.0,0.0,08.05.2018,47,1.787,0
10200000.0,0.0,08.05.2018,47,1.787,0
5100000.0,0.0,08.05.2018,47,1.787,0
0.0,10300000.0,08.05.2018,47,1.787,0
0.0,33700000.0,08.05.2018,47,1.787,0
11000000.0,0.0,08.05.2018,47,1.787,0
0.0,106200000.0,08.05.2018,47,1.789,0
31100000.0,0.0,08.05.2018,47,1.789,0
21200000.0,0.0,08.05.2018,47,1.789,0
21300000.0,0.0,08.05.2018,47,1.789,0
1100000.0,0.0,08.05.2018,47,1.789,0
22600000.0,0.0,08.05.2018,47,1.789,0
56500000.0,0.0,08.05.2018,47,1.789,0
45200000.0,0.0,08.05.2018,47,1.789,0
10300000.0,0.0,08.05.2018,47,1.789,0
0.0,10300000.0,08.05.2018,47,1.789,0
10300000.0,0.0,08.05.2018,47,1.789,0
41000000.0,0.0,08.05.2018,47,1.789,0
0.0,35800000.0,08.05.2018,47,1.789,0
0.0,85000000.0,08.05.2018,47,1.789,0
0.0,22000000.0,08.05.2018,47,1.789,0
0.0,11000000.0,08.05.2018,47,1.789,0
0.0,12500000.0,08.05.2018,47,1.789,0
0.0,10400000.0,08.05.2018,47,1.789,0
0.0,10000000.0,08.05.2018,47,1.789,0
109400000.0,0.0,08.05.2018,47,1.789,0
0.0,50000000.0,08.05.2018,47,1.789,0
10300000.0,0.0,08.05.2018,47,1.789,0
0.0,31200000.0,08.05.2018,47,1.789,0
0.0,151400000.0,08.05.2018,47,1.789,0
20800000.0,0.0,08.05.2018,47,1.789,0
0.0,10400000.0,08.05.2018,47,1.789,0
20600000.0,0.0,08.05.2018,47,1.789,0
30900000.0,0.0,08.05.2018,47,1.789,0
65000000.0,0.0,08.05.2018,47,1.789,0
53100000.0,0.0,08.05.2018,47,1.7907,0
0.0,56200000.0,08.05.2018,47,1.7907,0
0.0,25000000.0,08.05.2018,47,1.7907,0
53000000.0,0.0,08.05.2018,47,1.7907,0
0.0,5600000.0,08.05.2018,47,1.7907,0
105800000.0,0.0,08.05.2018,47,1.7907,0
0.0,56100000.0,08.05.2018,47,1.7907,0
0.0,28100000.0,08.05.2018,47,1.7907,0
51700000.0,0.0,08.05.2018,47,1.7907,0
5600000.0,0.0,08.05.2018,47,1.7907,0
33000000.0,0.0,08.05.2018,47,1.7907,0
0.0,14200000.0,08.05.2018,47,1.7907,0
20500000.0,0.0,08.05.2018,47,1.7907,0
6000000.0,0.0,08.05.2018,47,1.7907,0
102200000.0,0.0,08.05.2018,47,1.7907,0
0.0,25000000.0,08.05.2018,47,1.7907,0
100000000.0,0.0,08.05.2018,47,1.7907,0
10500000.0,0.0,08.05.2018,47,1.7907,0
10400000.0,0.0,08.05.2018,47,1.7907,0
10400000.0,0.0,08.05.2018,47,1.7907,0
0.0,17800000.0,08.05.2018,47,1.7907,0
0.0,14500000.0,08.05.2018,47,1.7907,0
0.0,20800000.0,08.05.2018,47,1.7907,0
0.0,10000000.0,08.05.2018,47,1.7907,0
15000000.0,0.0,08.05.2018,47,1.7907,0
50000000.0,0.0,08.05.2018,47,1.7907,0
0.0,10000000.0,08.05.2018,47,1.7907,0
0.0,12500000.0,08.05.2018,47,1.7907,0
10000000.0,0.0,08.05.2018,47,1.7907,0
0.0,20800000.0,08.05.2018,47,1.7907,0
31000000.0,0.0,08.05.2018,47,1.7907,0
10400000.0,0.0,08.05.2018,47,1.7907,0
0.0,102100000.0,08.05.2018,47,1.7907,0
0.0,85700000.0,08.05.2018,47,1.7907,0
0.0,12300000.0,08.05.2018,47,1.7935,0
56700000.0,0.0,08.05.2018,47,1.7935,0
15500000.0,0.0,08.05.2018,47,1.7935,0
10900000.0,0.0,08.05.2018,47,1.7935,0
0.0,106402630.0,08.05.2018,47,1.7935,0
10300000.0,0.0,08.05.2018,47,1.7935,0
5100000.0,0.0,08.05.2018,47,1.7935,0
0.0,17900000.0,08.05.2018,47,1.7935,0
0.0,10000000.0,08.05.2018,47,1.7935,0
0.0,10600000.0,08.05.2018,47,1.7935,0
10000000.0,0.0,08.05.2018,47,1.7935,0
0.0,31000000.0,08.05.2018,47,1.7935,0
20800000.0,0.0,08.05.2018,47,1.7935,0
10000000.0,0.0,08.05.2018,47,1.7935,0
10000000.0,0.0,08.05.2018,47,1.7935,0
0.0,10000000.0,08.05.2018,47,1.7935,0
0.0,10000000.0,08.05.2018,47,1.7935,0
31200000.0,0.0,08.05.2018,47,1.7935,0
10300000.0,0.0,08.05.2018,47,1.7935,0
14400000.0,0.0,08.05.2018,47,1.7935,0
75000000.0,0.0,08.05.2018,47,1.7935,0
6200000.0,0.0,08.05.2018,47,1.7935,0
10900000.0,0.0,08.05.2018,47,1.7935,0
26524.42,0.0,08.05.2018,47,2.75,0
0.0,26524.42,08.05.2018,47,2.75,0
0.0,24500000.0,09.05.2018,48,1.7999,0
0.0,22000000.0,09.05.2018,48,1.7999,0
10200000.0,0.0,09.05.2018,48,1.7999,0
10200000.0,0.0,09.05.2018,48,1.7999,0
10200000.0,0.0,09.05.2018,48,1.7999,0
10200000.0,0.0,09.05.2018,48,1.7999,0
10300000.0,0.0,09.05.2018,48,1.7999,0
10800000.0,0.0,09.05.2018,48,1.7999,0
0.0,20600000.0,09.05.2018,48,1.7999,0
0.0,10300000.0,09.05.2018,48,1.7999,0
10200000.0,0.0,09.05.2018,48,1.7999,0
2100000.0,0.0,09.05.2018,48,1.7999,0
0.0,20000000.0,09.05.2018,48,1.7999,0
10200000.0,0.0,09.05.2018,48,1.7999,0
0.0,50000000.0,09.05.2018,48,1.7999,0
0.0,10000000.0,09.05.2018,48,1.7999,0
14300000.0,0.0,09.05.2018,48,1.7999,0
5000000.0,0.0,09.05.2018,48,1.7999,0
10000000.0,0.0,09.05.2018,48,1.7999,0
0.0,21000000.0,09.05.2018,48,1.7999,0
25000000.0,0.0,09.05.2018,48,1.7999,0
95000000.0,0.0,09.05.2018,48,1.7999,0
130000000.0,0.0,09.05.2018,48,1.7999,0
12300000.0,0.0,09.05.2018,48,1.7999,0
55000000.0,0.0,09.05.2018,48,1.7999,0
0.0,340000000.0,09.05.2018,48,1.7999,0
0.0,18000000.0,09.05.2018,48,1.7999,0
0.0,50000000.0,09.05.2018,48,1.7999,0
115000000.0,0.0,09.05.2018,48,1.7999,0
15000000.0,0.0,09.05.2018,48,1.7999,0
54700000.0,0.0,09.05.2018,48,1.7999,0
5000000.0,0.0,09.05.2018,48,1.7999,0
0.0,20800000.0,09.05.2018,48,1.7999,0
0.0,31300000.0,09.05.2018,48,1.7999,0
10200000.0,0.0,09.05.2018,48,1.7999,0
0.0,10200000.0,09.05.2018,48,1.7999,0
21000000.0,0.0,09.05.2018,48,1.7999,0
10000000.0,0.0,09.05.2018,48,1.7999,0
0.0,20500000.0,09.05.2018,48,1.7999,0
0.0,20600000.0,09.05.2018,48,1.7999,0
0.0,10000000.0,10.05.2018,49,1.8105,0
26000000.0,0.0,10.05.2018,49,1.8105,0
0.0,79300000.0,10.05.2018,49,1.8105,0
0.0,15000000.0,10.05.2018,49,1.8105,0
0.0,20000000.0,10.05.2018,49,1.8105,0
0.0,10000000.0,10.05.2018,49,1.8105,0
0.0,20500000.0,10.05.2018,49,1.8105,0
0.0,41200000.0,10.05.2018,49,1.8105,0
14400000.0,0.0,10.05.2018,49,1.8105,0
0.0,10400000.0,10.05.2018,49,1.8105,0
50000000.0,0.0,10.05.2018,49,1.8105,0
0.0,10400000.0,10.05.2018,49,1.8105,0
0.0,10200000.0,10.05.2018,49,1.8105,0
152800000.0,0.0,10.05.2018,49,1.8105,0
47600000.0,0.0,10.05.2018,49,1.8105,0
0.0,10000000.0,10.05.2018,49,1.8105,0
0.0,10000000.0,10.05.2018,49,1.8105,0
0.0,3200000.0,10.05.2018,49,1.8105,0
0.0,30000000.0,10.05.2018,49,1.8105,0
17000000.0,0.0,10.05.2018,49,1.8105,0
14300000.0,0.0,10.05.2018,49,1.8105,0
0.0,25000000.0,10.05.2018,49,1.8105,0
34700000.0,0.0,10.05.2018,49,1.8105,0
50900000.0,0.0,10.05.2018,49,1.8105,0
6200000.0,0.0,10.05.2018,49,1.8105,0
0.0,14500000.0,10.05.2018,49,1.8105,0
0.0,10300000.0,10.05.2018,49,1.8105,0
0.0,26400000.0,10.05.2018,49,1.8105,0
0.0,10300000.0,10.05.2018,49,1.8105,0
10300000.0,0.0,10.05.2018,49,1.8105,0
0.0,15000000.0,10.05.2018,49,1.8105,0
0.0,15000000.0,10.05.2018,49,1.8105,0
0.0,10300000.0,10.05.2018,49,1.8105,0
0.0,20700000.0,10.05.2018,49,1.8105,0
0.0,25600000.0,10.05.2018,49,1.8105,0
101700000.0,0.0,11.05.2018,50,1.8105,0
33000000.0,0.0,11.05.2018,50,1.8105,0
20800000.0,0.0,11.05.2018,50,1.8105,0
10300000.0,0.0,11.05.2018,50,1.8105,0
0.0,10300000.0,11.05.2018,50,1.8105,0
0.0,15500000.0,11.05.2018,50,1.8105,0
10300000.0,0.0,11.05.2018,50,1.8105,0
14400000.0,0.0,11.05.2018,50,1.8105,0
0.0,10300000.0,11.05.2018,50,1.8105,0
10300000.0,0.0,11.05.2018,50,1.8105,0
30600000.0,0.0,11.05.2018,50,1.8105,0
0.0,14400000.0,11.05.2018,50,1.8105,0
0.0,20600000.0,11.05.2018,50,1.8105,0
0.0,15700000.0,11.05.2018,50,1.8105,0
20800000.0,0.0,11.05.2018,50,1.8105,0
0.0,50700000.0,11.05.2018,50,1.8105,0
10900000.0,0.0,11.05.2018,50,1.8105,0
100000000.0,0.0,11.05.2018,50,1.8105,0
0.0,50800000.0,11.05.2018,50,1.8105,0
10300000.0,0.0,11.05.2018,50,1.8105,0
33000000.0,0.0,11.05.2018,50,1.8105,0
0.0,52700000.0,11.05.2018,50,1.8105,0
0.0,33000000.0,11.05.2018,50,1.8105,0
0.0,26000000.0,11.05.2018,50,1.8105,0
0.0,20600000.0,14.05.2018,53,1.8105,0
41000000.0,0.0,14.05.2018,53,1.8105,0
22600000.0,0.0,14.05.2018,53,1.8105,0
0.0,10300000.0,14.05.2018,53,1.8105,0
150000000.0,0.0,14.05.2018,53,1.8105,0
0.0,22100000.0,14.05.2018,53,1.8105,0
0.0,10500000.0,14.05.2018,53,1.8105,0
10600000.0,0.0,14.05.2018,53,1.8105,0
101800000.0,0.0,14.05.2018,53,1.8105,0
17000000.0,0.0,14.05.2018,53,1.8105,0
0.0,26000000.0,14.05.2018,53,1.8105,0
0.0,106100000.0,14.05.2018,53,1.8105,0
21000000.0,0.0,14.05.2018,53,1.8105,0
20000000.0,0.0,14.05.2018,53,1.8105,0
0.0,10000000.0,14.05.2018,53,1.8105,0
0.0,50000000.0,14.05.2018,53,1.8105,0
56400000.0,0.0,14.05.2018,53,1.8105,0
20600000.0,0.0,14.05.2018,53,1.8105,0
10300000.0,0.0,14.05.2018,53,1.8105,0
0.0,14300000.0,14.05.2018,53,1.8105,0
10300000.0,0.0,14.05.2018,53,1.8105,0
0.0,52700000.0,14.05.2018,53,1.8105,0
0.0,41800000.0,14.05.2018,53,1.8105,0
0.0,18800000.0,14.05.2018,53,1.8105,0
20600000.0,0.0,14.05.2018,53,1.8105,0
27300000.0,0.0,14.05.2018,53,1.8105,0
0.0,30900000.0,14.05.2018,53,1.8105,0
5000000.0,0.0,14.05.2018,53,1.82,0
10000000.0,0.0,14.05.2018,53,1.82,0
1000000.0,0.0,14.05.2018,53,1.82,0
10000000.0,0.0,14.05.2018,53,1.82,0
21200000.0,0.0,14.05.2018,53,1.82,0
0.0,10600000.0,14.05.2018,53,1.82,0
10300000.0,0.0,14.05.2018,53,1.82,0
0.0,20400000.0,14.05.2018,53,1.82,0
0.0,12700000.0,14.05.2018,53,1.82,0
10600000.0,0.0,14.05.2018,53,1.82,0
17000000.0,0.0,14.05.2018,53,1.82,0
6000000.0,0.0,14.05.2018,53,1.82,0
10000000.0,0.0,14.05.2018,53,1.82,0
20800000.0,0.0,14.05.2018,53,1.82,0
10000000.0,0.0,14.05.2018,53,1.82,0
0.0,12400000.0,14.05.2018,53,1.82,0
10000000.0,0.0,14.05.2018,53,1.8334,0
50800000.0,0.0,14.05.2018,53,1.8334,0
0.0,10000000.0,14.05.2018,53,1.8334,0
10300000.0,0.0,14.05.2018,53,1.8334,0
0.0,16500000.0,14.05.2018,53,1.8334,0
10300000.0,0.0,14.05.2018,53,1.8334,0
0.0,16500000.0,14.05.2018,53,1.8334,0
0.0,10900000.0,14.05.2018,53,1.8334,0
12000000.0,0.0,14.05.2018,53,1.8334,0
0.0,23800000.0,14.05.2018,53,1.8334,0
0.0,21000000.0,14.05.2018,53,1.8334,0
16800000.0,0.0,14.05.2018,53,1.8334,0
25000000.0,0.0,14.05.2018,53,1.8334,0
19200000.0,0.0,14.05.2018,53,1.8334,0
0.0,10000000.0,14.05.2018,53,1.8334,0
10000000.0,0.0,14.05.2018,53,1.8334,0
20000000.0,0.0,14.05.2018,53,1.8334,0
10500000.0,0.0,14.05.2018,53,1.8334,0
16400000.0,0.0,14.05.2018,53,1.8334,0
0.0,16400000.0,14.05.2018,53,1.8334,0
0.0,10000000.0,14.05.2018,53,1.8334,0
40000000.0,0.0,14.05.2018,53,1.8334,0
0.0,16400000.0,14.05.2018,53,1.8334,0
0.0,10300000.0,14.05.2018,53,1.8334,0
0.0,16400000.0,14.05.2018,53,1.8334,0
0.0,12700000.0,14.05.2018,53,1.8334,0
20800000.0,0.0,14.05.2018,53,1.8334,0
10000000.0,0.0,14.05.2018,53,1.8334,0
0.0,10000000.0,14.05.2018,53,1.8334,0
0.0,47500000.0,14.05.2018,53,1.8334,0
0.0,13600000.0,14.05.2018,53,1.8334,0
20000000.0,0.0,14.05.2018,53,1.8334,0
10200000.0,0.0,14.05.2018,53,1.8334,0
14300000.0,0.0,14.05.2018,53,1.8334,0
0.0,16400000.0,14.05.2018,53,1.8334,0
0.0,10300000.0,14.05.2018,53,1.8334,0
0.0,10300000.0,14.05.2018,53,1.8334,0
20800000.0,0.0,14.05.2018,53,1.8334,0
0.0,20800000.0,14.05.2018,53,1.8334,0
0.0,10900000.0,14.05.2018,53,1.8334,0
31000000.0,0.0,14.05.2018,53,1.8334,0
0.0,10300000.0,14.05.2018,53,1.8334,0
82000000.0,0.0,15.05.2018,54,0.98,0
62000000.0,0.0,15.05.2018,54,1.6162,0
157000000.0,0.0,15.05.2018,54,1.8388,0
158000000.0,0.0,15.05.2018,54,1.8388,0
20000000.0,0.0,15.05.2018,54,1.8388,0
10900000.0,0.0,15.05.2018,54,1.8388,0
0.0,10000000.0,15.05.2018,54,1.8388,0
0.0,6200000.0,15.05.2018,54,1.8388,0
0.0,120000000.0,15.05.2018,54,1.8388,0
40000000.0,0.0,15.05.2018,54,1.8388,0
0.0,40400000.0,15.05.2018,54,1.8388,0
0.0,11300000.0,15.05.2018,54,1.8388,0
28200000.0,0.0,15.05.2018,54,1.8388,0
0.0,21200000.0,15.05.2018,54,1.8388,0
0.0,53100000.0,15.05.2018,54,1.8388,0
191300000.0,0.0,15.05.2018,54,1.8388,0
0.0,10500000.0,15.05.2018,54,1.8388,0
2500000.0,0.0,15.05.2018,54,1.8388,0
7600000.0,0.0,15.05.2018,54,1.8388,0
160000000.0,0.0,15.05.2018,54,1.8388,0
158000000.0,0.0,15.05.2018,54,1.8388,0
0.0,158000000.0,15.05.2018,54,1.8388,0
161000000.0,0.0,15.05.2018,54,1.8388,0
10400000.0,0.0,15.05.2018,54,1.8388,0
0.0,20900000.0,15.05.2018,54,1.8388,0
160000000.0,0.0,15.05.2018,54,1.8388,0
158000000.0,0.0,15.05.2018,54,1.8388,0
0.0,27300000.0,15.05.2018,54,1.8388,0
0.0,50800000.0,15.05.2018,54,1.8388,0
10000000.0,0.0,15.05.2018,54,1.8388,0
0.0,119000000.0,15.05.2018,54,1.8388,0
0.0,119000000.0,15.05.2018,54,1.8388,0
0.0,82000000.0,15.05.2018,54,1.8388,0
18000000.0,0.0,15.05.2018,54,1.8388,0
78000000.0,0.0,15.05.2018,54,1.8388,0
0.0,156000000.0,15.05.2018,54,1.8388,0
52100000.0,0.0,15.05.2018,54,1.8388,0
160000000.0,0.0,15.05.2018,54,1.8388,0
160000000.0,0.0,15.05.2018,54,1.8388,0
80000000.0,0.0,15.05.2018,54,1.8388,0
79000000.0,0.0,15.05.2018,54,1.8388,0
119700000.0,0.0,15.05.2018,54,1.8388,0
120300000.0,0.0,15.05.2018,54,1.8388,0
0.0,119000000.0,15.05.2018,54,1.8388,0
12500000.0,0.0,15.05.2018,54,1.8388,0
0.0,81000000.0,15.05.2018,54,1.8388,0
27500000.0,0.0,15.05.2018,54,1.8388,0
15000000.0,0.0,15.05.2018,54,1.8388,0
10000000.0,0.0,15.05.2018,54,1.8388,0
0.0,161000000.0,15.05.2018,54,1.8388,0
0.0,1100000.0,15.05.2018,54,1.8388,0
0.0,160500000.0,15.05.2018,54,1.8388,0
10500000.0,0.0,15.05.2018,54,1.8388,0
0.0,10600000.0,15.05.2018,54,1.8388,0
81500000.0,0.0,15.05.2018,54,1.9604,0
82000000.0,0.0,15.05.2018,54,1.9604,0
0.0,123000000.0,15.05.2018,54,1.9604,0
0.0,81800000.0,15.05.2018,54,1.9604,0
41000000.0,0.0,15.05.2018,54,1.9604,0
82000000.0,0.0,15.05.2018,54,1.9604,0
0.0,122000000.0,15.05.2018,54,1.9604,0
162200000.0,0.0,15.05.2018,54,1.9604,0
82000000.0,0.0,15.05.2018,54,1.9604,0
81800000.0,0.0,15.05.2018,54,1.9604,0
82000000.0,0.0,15.05.2018,54,1.9604,0
0.0,82000000.0,15.05.2018,54,1.9604,0
82000000.0,0.0,15.05.2018,54,1.9604,0
0.0,41000000.0,15.05.2018,54,1.9604,0
0.0,81582000.0,15.05.2018,54,1.9604,0
41000000.0,0.0,15.05.2018,54,1.9604,0
0.0,125450000.0,15.05.2018,54,3.6,0
11100000.0,0.0,16.05.2018,55,1.85,0
25500000.0,0.0,16.05.2018,55,1.85,0
10500000.0,0.0,16.05.2018,55,1.85,0
0.0,1000000.0,16.05.2018,55,1.85,0
10000000.0,0.0,16.05.2018,55,1.85,0
0.0,5000000.0,16.05.2018,55,1.85,0
0.0,28200000.0,16.05.2018,55,1.85,0
0.0,28300000.0,16.05.2018,55,1.85,0
0.0,28200000.0,16.05.2018,55,1.85,0
0.0,54500000.0,16.05.2018,55,1.85,0
53100000.0,0.0,16.05.2018,55,1.85,0
53200000.0,0.0,16.05.2018,55,1.85,0
153500000.0,0.0,16.05.2018,55,1.85,0
55000000.0,0.0,16.05.2018,55,1.85,0
149100000.0,0.0,16.05.2018,55,1.85,0
0.0,77000000.0,16.05.2018,55,1.85,0
0.0,173500000.0,16.05.2018,55,1.85,0
0.0,10500000.0,16.05.2018,55,1.85,0
0.0,42000000.0,16.05.2018,55,1.85,0
0.0,55000000.0,16.05.2018,55,1.85,0
0.0,10500000.0,16.05.2018,55,1.85,0
10200000.0,0.0,16.05.2018,55,1.85,0
11100000.0,0.0,16.05.2018,55,1.85,0
0.0,11100000.0,16.05.2018,55,1.85,0
0.0,16500000.0,16.05.2018,55,1.85,0
0.0,139500000.0,16.05.2018,55,1.85,0
0.0,138100000.0,16.05.2018,55,1.85,0
62000000.0,0.0,16.05.2018,55,1.85,0
0.0,42000000.0,16.05.2018,55,1.85,0
21000000.0,0.0,16.05.2018,55,1.85,0
0.0,55000000.0,16.05.2018,55,1.85,0
5000000.0,0.0,16.05.2018,55,1.85,0
0.0,8700000.0,16.05.2018,55,1.85,0
0.0,55000000.0,16.05.2018,55,1.85,0
206000000.0,0.0,16.05.2018,55,1.85,0
150000000.0,0.0,16.05.2018,55,1.85,0
0.0,22500000.0,16.05.2018,55,1.85,0
53100000.0,0.0,16.05.2018,55,1.85,0
0.0,21200000.0,16.05.2018,55,1.85,0
21200000.0,0.0,16.05.2018,55,1.85,0
104400000.0,0.0,16.05.2018,55,1.85,0
0.0,17900000.0,16.05.2018,55,1.85,0
0.0,16500000.0,16.05.2018,55,1.85,0
0.0,132500000.0,16.05.2018,55,1.85,0
20600000.0,0.0,16.05.2018,55,1.85,0
10000000.0,0.0,16.05.2018,55,1.85,0
5000000.0,0.0,16.05.2018,55,1.85,0
6000000.0,0.0,16.05.2018,55,1.85,0
0.0,10900000.0,16.05.2018,55,1.85,0
10400000.0,0.0,16.05.2018,55,1.85,0
0.0,17000000.0,16.05.2018,55,1.85,0
7000000.0,0.0,16.05.2018,55,1.85,0
10000000.0,0.0,16.05.2018,55,1.85,0
0.0,10200000.0,16.05.2018,55,1.85,0
5000000.0,0.0,16.05.2018,55,1.85,0
0.0,25500000.0,16.05.2018,55,1.85,0
0.0,5000000.0,16.05.2018,55,1.85,0
15000000.0,0.0,16.05.2018,55,1.85,0
0.0,5500000.0,16.05.2018,55,1.85,0
87000000.0,0.0,16.05.2018,55,1.85,0
22800000.0,0.0,16.05.2018,55,1.85,0
31411.22,0.0,16.05.2018,55,2.136,0
0.0,51200000.0,17.05.2018,56,1.6181,0
0.0,101500000.0,17.05.2018,56,1.6181,0
0.0,1100000.0,17.05.2018,56,1.8725,0
0.0,11000000.0,17.05.2018,56,1.8725,0
8000000.0,0.0,17.05.2018,56,1.8849,0
10000000.0,0.0,17.05.2018,56,1.8849,0
0.0,10000000.0,17.05.2018,56,1.8849,0
0.0,10000000.0,17.05.2018,56,1.8849,0
0.0,50000000.0,17.05.2018,56,1.8849,0
8300000.0,0.0,17.05.2018,56,1.8849,0
10900000.0,0.0,17.05.2018,56,1.8849,0
0.0,28600000.0,17.05.2018,56,1.8849,0
3100000.0,0.0,17.05.2018,56,1.8849,0
0.0,5500000.0,17.05.2018,56,1.8849,0
37000000.0,0.0,17.05.2018,56,1.8849,0
10200000.0,0.0,17.05.2018,56,1.8849,0
10900000.0,0.0,17.05.2018,56,1.8849,0
14300000.0,0.0,17.05.2018,56,1.8849,0
6100000.0,0.0,17.05.2018,56,1.8849,0
0.0,32000000.0,17.05.2018,56,1.8849,0
50000000.0,0.0,17.05.2018,56,1.8849,0
0.0,21000000.0,17.05.2018,56,1.8849,0
0.0,12600000.0,17.05.2018,56,1.8849,0
0.0,50000000.0,17.05.2018,56,1.8849,0
0.0,1000000.0,17.05.2018,56,1.8849,0
10000000.0,0.0,17.05.2018,56,1.8849,0
10000000.0,0.0,17.05.2018,56,1.8849,0
10400000.0,0.0,17.05.2018,56,1.8849,0
0.0,19100000.0,17.05.2018,56,1.8849,0
5000000.0,0.0,17.05.2018,56,1.8849,0
0.0,5500000.0,17.05.2018,56,1.8849,0
10000000.0,0.0,17.05.2018,56,1.8849,0
0.0,14400000.0,17.05.2018,56,1.8849,0
10400000.0,0.0,17.05.2018,56,1.8849,0
10000000.0,0.0,17.05.2018,56,1.8849,0
0.0,5400000.0,17.05.2018,56,1.8849,0
38300000.0,0.0,17.05.2018,56,1.8849,0
10000000.0,0.0,17.05.2018,56,1.8849,0
10000000.0,0.0,17.05.2018,56,1.8849,0
20800000.0,0.0,17.05.2018,56,1.8849,0
7600000.0,0.0,17.05.2018,56,1.8849,0
15000000.0,0.0,17.05.2018,56,1.8849,0
0.0,10900000.0,17.05.2018,56,1.8849,0
0.0,21000000.0,17.05.2018,56,1.8849,0
0.0,17400000.0,17.05.2018,56,1.8849,0
76000000.0,0.0,18.05.2018,57,1.236,0
0.0,76000000.0,18.05.2018,57,1.8849,0
20000000.0,0.0,18.05.2018,57,1.8849,0
0.0,31300000.0,18.05.2018,57,1.8849,0
0.0,10000000.0,18.05.2018,57,1.8849,0
20600000.0,0.0,18.05.2018,57,1.8849,0
0.0,22000000.0,18.05.2018,57,1.8849,0
12200000.0,0.0,18.05.2018,57,1.8849,0
0.0,12200000.0,18.05.2018,57,1.8849,0
10300000.0,0.0,18.05.2018,57,1.8849,0
0.0,18600000.0,18.05.2018,57,1.8849,0
7500000.0,0.0,18.05.2018,57,1.8849,0
0.0,59424451.0,18.05.2018,57,1.8849,0
12000000.0,0.0,18.05.2018,57,1.8849,0
10300000.0,0.0,18.05.2018,57,1.8849,0
10900000.0,0.0,18.05.2018,57,1.8849,0
7700000.0,0.0,18.05.2018,57,1.8849,0
0.0,7700000.0,18.05.2018,57,1.8849,0
0.0,5200000.0,18.05.2018,57,1.8849,0
6300000.0,0.0,18.05.2018,57,1.8849,0
0.0,7700000.0,18.05.2018,57,1.8849,0
12800000.0,0.0,18.05.2018,57,1.8849,0
21900000.0,0.0,18.05.2018,57,1.8849,0
41200000.0,0.0,18.05.2018,57,1.8849,0
10000000.0,0.0,18.05.2018,57,1.8849,0
22500000.0,0.0,18.05.2018,57,1.8849,0
0.0,22531.93,18.05.2018,57,2.035,0
0.0,31540.6,18.05.2018,57,2.04,0
0.0,163000000.0,19.05.2018,58,1.34,0
0.0,18000000.0,21.05.2018,60,1.8725,0
21300000.0,0.0,21.05.2018,60,1.8725,0
50000000.0,0.0,21.05.2018,60,1.8849,0
52400000.0,0.0,21.05.2018,60,1.8849,0
0.0,17000000.0,21.05.2018,60,1.8849,0
0.0,20500000.0,21.05.2018,60,1.8849,0
0.0,41200000.0,21.05.2018,60,1.8849,0
0.0,20700000.0,21.05.2018,60,1.8849,0
102800000.0,0.0,21.05.2018,60,1.8849,0
0.0,20600000.0,21.05.2018,60,1.8849,0
0.0,27500000.0,21.05.2018,60,1.8849,0
20600000.0,0.0,21.05.2018,60,1.8849,0
51500000.0,0.0,21.05.2018,60,1.8849,0
0.0,31000000.0,21.05.2018,60,1.8849,0
0.0,31100000.0,21.05.2018,60,1.8849,0
10300000.0,0.0,21.05.2018,60,1.8849,0
20600000.0,0.0,21.05.2018,60,1.8849,0
0.0,218900000.0,21.05.2018,60,1.8849,0
150800000.0,0.0,21.05.2018,60,1.8849,0
0.0,55900000.0,21.05.2018,60,1.8849,0
0.0,37500000.0,21.05.2018,60,1.8849,0
91000000.0,0.0,21.05.2018,60,1.8849,0
0.0,102000000.0,21.05.2018,60,1.8849,0
10200000.0,0.0,21.05.2018,60,1.8849,0
11000000.0,0.0,21.05.2018,60,1.8849,0
11000000.0,0.0,21.05.2018,60,1.8849,0
21000000.0,0.0,21.05.2018,60,1.8849,0
0.0,21000000.0,21.05.2018,60,1.8849,0
0.0,100000000.0,21.05.2018,60,1.8849,0
0.0,201000000.0,21.05.2018,60,1.8849,0
0.0,16700000.0,21.05.2018,60,1.8849,0
15000000.0,0.0,21.05.2018,60,1.8849,0
1000000.0,0.0,21.05.2018,60,1.8849,0
0.0,55200000.0,21.05.2018,60,1.8849,0
22000000.0,0.0,21.05.2018,60,1.8849,0
40000000.0,0.0,21.05.2018,60,1.8849,0
71000000.0,0.0,21.05.2018,60,1.8849,0
0.0,12500000.0,21.05.2018,60,1.8849,0
0.0,11000000.0,21.05.2018,60,1.8849,0
104900000.0,0.0,21.05.2018,60,1.8849,0
240700000.0,0.0,21.05.2018,60,1.8849,0
67300000.0,0.0,21.05.2018,60,1.8849,0
163000000.0,0.0,21.05.2018,60,1.8849,0
0.0,26000000.0,21.05.2018,60,1.8849,0
0.0,97000000.0,21.05.2018,60,1.8849,0
0.0,21000000.0,21.05.2018,60,1.8849,0
12700000.0,0.0,21.05.2018,60,1.8849,0
52900000.0,0.0,21.05.2018,60,1.8849,0
0.0,20600000.0,21.05.2018,60,1.8849,0
18500000.0,0.0,21.05.2018,60,1.8849,0
10200000.0,0.0,21.05.2018,60,1.8849,0
0.0,52000000.0,21.05.2018,60,1.8921,0
0.0,10000000.0,21.05.2018,60,1.8921,0
0.0,50000000.0,21.05.2018,60,1.8921,0
0.0,20800000.0,21.05.2018,60,1.8921,0
0.0,10000000.0,21.05.2018,60,1.8921,0
0.0,50000000.0,21.05.2018,60,1.8921,0
18600000.0,0.0,21.05.2018,60,1.8921,0
0.0,44000000.0,21.05.2018,60,1.8921,0
0.0,4100000.0,21.05.2018,60,1.8921,0
20600000.0,0.0,21.05.2018,60,1.8921,0
10300000.0,0.0,21.05.2018,60,1.8921,0
0.0,6200000.0,21.05.2018,60,1.8921,0
0.0,22000000.0,21.05.2018,60,1.8921,0
0.0,17000000.0,21.05.2018,60,1.8921,0
22000000.0,0.0,21.05.2018,60,1.8921,0
0.0,109800000.0,21.05.2018,60,1.8921,0
0.0,10000000.0,21.05.2018,60,1.8921,0
0.0,12000000.0,21.05.2018,60,1.8921,0
0.0,10000000.0,21.05.2018,60,1.8921,0
0.0,10000000.0,21.05.2018,60,1.8921,0
0.0,10000000.0,21.05.2018,60,1.8921,0
0.0,21000000.0,21.05.2018,60,1.8921,0
0.0,50000000.0,21.05.2018,60,1.8921,0
10000000.0,0.0,21.05.2018,60,1.8921,0
0.0,21000000.0,21.05.2018,60,1.8921,0
95400000.0,0.0,21.05.2018,60,1.8921,0
0.0,10000000.0,21.05.2018,60,1.8921,0
0.0,15000000.0,21.05.2018,60,1.8921,0
0.0,10000000.0,21.05.2018,60,1.8921,0
208200000.0,0.0,21.05.2018,60,1.8921,0
10000000.0,0.0,21.05.2018,60,1.8921,0
0.0,50000000.0,21.05.2018,60,1.8921,0
0.0,10000000.0,21.05.2018,60,1.8921,0
0.0,8300000.0,21.05.2018,60,1.8921,0
52000000.0,0.0,21.05.2018,60,1.8921,0
14400000.0,0.0,21.05.2018,60,1.8921,0
0.0,20700000.0,21.05.2018,60,1.8921,0
8842.28,0.0,21.05.2018,60,2.85,0
0.0,8918.16,21.05.2018,60,3.0,0
0.0,31200000.0,22.05.2018,61,1.9039,0
35000000.0,0.0,22.05.2018,61,1.9039,0
10900000.0,0.0,22.05.2018,61,1.9039,0
0.0,28300000.0,22.05.2018,61,1.9039,0
0.0,100000000.0,22.05.2018,61,1.9039,0
204500000.0,0.0,22.05.2018,61,1.9039,0
79700000.0,0.0,22.05.2018,61,1.9039,0
0.0,10300000.0,22.05.2018,61,1.9039,0
10300000.0,0.0,22.05.2018,61,1.9039,0
0.0,10900000.0,22.05.2018,61,1.9039,0
0.0,14600000.0,22.05.2018,61,1.9039,0
0.0,26200000.0,22.05.2018,61,1.9039,0
100000000.0,0.0,22.05.2018,61,1.9039,0
50000000.0,0.0,22.05.2018,61,1.9039,0
0.0,206700000.0,22.05.2018,61,1.9039,0
0.0,86700000.0,22.05.2018,61,1.9039,0
0.0,10300000.0,22.05.2018,61,1.9039,0
0.0,10400000.0,22.05.2018,61,1.9039,0
10400000.0,0.0,22.05.2018,61,1.9039,0
0.0,18000000.0,22.05.2018,61,1.9039,0
11000000.0,0.0,22.05.2018,61,1.9039,0
10300000.0,0.0,22.05.2018,61,1.9039,0
0.0,45300000.0,22.05.2018,61,1.9039,0
53100000.0,0.0,22.05.2018,61,1.9039,0
0.0,14500000.0,22.05.2018,61,1.9039,0
0.0,10400000.0,22.05.2018,61,1.9039,0
38600000.0,0.0,22.05.2018,61,1.9039,0
10400000.0,0.0,22.05.2018,61,1.9039,0
0.0,11000000.0,22.05.2018,61,1.9039,0
11000000.0,0.0,22.05.2018,61,1.9039,0
20700000.0,0.0,22.05.2018,61,1.9039,0
108500000.0,0.0,22.05.2018,61,1.9039,0
20800000.0,0.0,22.05.2018,61,1.9039,0
95500000.0,0.0,22.05.2018,61,1.9039,0
0.0,2700000.0,22.05.2018,61,1.9039,0
10400000.0,0.0,22.05.2018,61,1.9039,0
0.0,10000000.0,22.05.2018,61,1.9039,0
47800000.0,0.0,22.05.2018,61,1.9039,0
0.0,50000000.0,22.05.2018,61,1.9039,0
0.0,60000000.0,22.05.2018,61,1.9039,0
4400000.0,0.0,22.05.2018,61,1.9039,0
0.0,25000000.0,22.05.2018,61,1.9039,0
10000000.0,0.0,23.05.2018,62,1.9198,22
0.0,10000000.0,23.05.2018,62,1.9198,22
25000000.0,0.0,23.05.2018,62,1.9198,22
10300000.0,0.0,23.05.2018,62,1.9198,22
20600000.0,0.0,23.05.2018,62,1.9198,22
29900000.0,0.0,23.05.2018,62,1.9198,22
0.0,6200000.0,23.05.2018,62,1.9198,22
28000000.0,0.0,23.05.2018,62,1.9198,22
101900000.0,0.0,23.05.2018,62,1.9198,22
20800000.0,0.0,23.05.2018,62,1.9198,22
0.0,10400000.0,23.05.2018,62,1.9198,22
8000000.0,0.0,23.05.2018,62,1.9198,22
0.0,10300000.0,23.05.2018,62,1.9198,22
0.0,23100000.0,23.05.2018,62,1.9198,22
0.0,10000000.0,23.05.2018,62,1.9198,22
16600000.0,0.0,23.05.2018,62,1.9198,22
10000000.0,0.0,23.05.2018,62,1.9198,22
20000000.0,0.0,23.05.2018,62,1.9198,22
0.0,52000000.0,23.05.2018,62,1.9198,22
0.0,10300000.0,23.05.2018,62,1.9198,22
10400000.0,0.0,23.05.2018,62,1.9198,22
0.0,20800000.0,23.05.2018,62,1.9198,22
0.0,52700000.0,23.05.2018,62,1.9198,22
0.0,11219.09,23.05.2018,62,2.07,-1
0.0,50000000.0,24.05.2018,63,1.03,0
20000000.0,0.0,24.05.2018,63,1.9436,0
50600000.0,0.0,24.05.2018,63,1.9436,0
11000000.0,0.0,24.05.2018,63,1.9436,0
0.0,25000000.0,24.05.2018,63,1.9436,0
0.0,11000000.0,24.05.2018,63,1.9436,0
25000000.0,0.0,24.05.2018,63,1.9436,0
0.0,1000.0,24.05.2018,63,1.9436,0
0.0,20800000.0,24.05.2018,63,1.9436,0
20800000.0,0.0,24.05.2018,63,1.9436,0
0.0,10000000.0,24.05.2018,63,1.9436,0
50000000.0,0.0,24.05.2018,63,1.9436,0
0.0,20600000.0,24.05.2018,63,1.9436,0
50000000.0,0.0,24.05.2018,63,1.9436,0
10500000.0,0.0,24.05.2018,63,1.9436,0
0.0,11000000.0,24.05.2018,63,1.9436,0
0.0,47500000.0,24.05.2018,63,1.9436,0
0.0,11000000.0,24.05.2018,63,1.9436,0
0.0,25000000.0,24.05.2018,63,1.9436,0
0.0,11000000.0,24.05.2018,63,1.9436,0
50600000.0,0.0,24.05.2018,63,1.9436,0
0.0,11000000.0,24.05.2018,63,1.9436,0
10000000.0,0.0,24.05.2018,63,1.9436,0
0.0,21000000.0,24.05.2018,63,1.9436,0
10500000.0,0.0,24.05.2018,63,1.9436,0
0.0,8300000.0,24.05.2018,63,1.9436,0
11000000.0,0.0,24.05.2018,63,1.9436,0
47500000.0,0.0,24.05.2018,63,1.9436,0
20900000.0,0.0,24.05.2018,63,1.9436,0
5000000.0,0.0,24.05.2018,63,1.9436,0
31200000.0,0.0,24.05.2018,63,1.9436,0
0.0,20800000.0,24.05.2018,63,1.9436,0
0.0,20600000.0,24.05.2018,63,1.9436,0
0.0,10400000.0,24.05.2018,63,1.9436,0
0.0,5000000.0,25.05.2018,64,1.9436,0
50400000.0,0.0,25.05.2018,64,1.9436,0
0.0,12400000.0,25.05.2018,64,1.9436,0
0.0,100000000.0,25.05.2018,64,1.9436,0
10300000.0,0.0,25.05.2018,64,1.9436,0
4500000.0,0.0,25.05.2018,64,1.9436,0
0.0,8300000.0,25.05.2018,64,1.9436,0
20800000.0,0.0,25.05.2018,64,1.9436,0
10500000.0,0.0,25.05.2018,64,1.9436,0
0.0,45700000.0,25.05.2018,64,1.9436,0
0.0,38000000.0,25.05.2018,64,1.9436,0
0.0,41000000.0,25.05.2018,64,1.9436,0
12000000.0,0.0,25.05.2018,64,1.9436,0
0.0,52000000.0,25.05.2018,64,1.9436,0
36700000.0,0.0,25.05.2018,64,1.9436,0
0.0,10300000.0,25.05.2018,64,1.9436,0
6200000.0,0.0,25.05.2018,64,1.9436,0
0.0,41600000.0,25.05.2018,64,1.9436,0
10400000.0,0.0,25.05.2018,64,1.9436,0
21000000.0,0.0,25.05.2018,64,1.9436,0
0.0,17000000.0,25.05.2018,64,1.9436,0
31000000.0,0.0,25.05.2018,64,1.9436,0
0.0,23000000.0,25.05.2018,64,1.9436,0
8300000.0,0.0,25.05.2018,64,1.9436,0
6200000.0,0.0,25.05.2018,64,1.9436,0
303100000.0,0.0,25.05.2018,64,1.9436,0
16500000.0,0.0,25.05.2018,64,1.9436,0
6200000.0,0.0,25.05.2018,64,1.9436,0
0.0,5000000.0,25.05.2018,64,1.9436,0
0.0,5000000.0,25.05.2018,64,1.9436,0
0.0,20600000.0,25.05.2018,64,1.9436,0
0.0,10200000.0,25.05.2018,64,1.9436,0
0.0,11000000.0,25.05.2018,64,1.9436,0
0.0,50000000.0,26.05.2018,65,1.056,0
0.0,20500000.0,29.05.2018,68,1.9436,0
0.0,20400000.0,29.05.2018,68,1.9436,0
0.0,53100000.0,29.05.2018,68,1.9436,0
21300000.0,0.0,29.05.2018,68,1.9436,0
0.0,20600000.0,29.05.2018,68,1.9436,0
14400000.0,0.0,29.05.2018,68,1.9436,0
0.0,250000000.0,29.05.2018,68,1.9436,0
250000000.0,0.0,29.05.2018,68,1.9436,0
10200000.0,0.0,29.05.2018,68,1.9436,0
0.0,20600000.0,29.05.2018,68,1.9436,0
0.0,10500000.0,29.05.2018,68,1.9436,0
0.0,20400000.0,29.05.2018,68,1.9436,0
50000000.0,0.0,29.05.2018,68,1.9436,0
0.0,85000000.0,29.05.2018,68,1.9436,0
28300000.0,0.0,29.05.2018,68,1.9436,0
14400000.0,0.0,29.05.2018,68,1.9436,0
0.0,14400000.0,29.05.2018,68,1.9436,0
20000000.0,0.0,29.05.2018,68,1.9436,0
0.0,14400000.0,29.05.2018,68,1.9436,0
14300000.0,0.0,29.05.2018,68,1.9436,0
50000000.0,0.0,29.05.2018,68,1.9436,0
0.0,11000000.0,29.05.2018,68,1.9563,0
0.0,12400000.0,29.05.2018,68,1.9563,0
10300000.0,0.0,29.05.2018,68,1.9563,0
0.0,10300000.0,29.05.2018,68,1.9563,0
0.0,10400000.0,29.05.2018,68,1.9563,0
0.0,10400000.0,29.05.2018,68,1.9563,0
10300000.0,0.0,29.05.2018,68,1.9563,0
12300000.0,0.0,29.05.2018,68,1.9563,0
0.0,10300000.0,29.05.2018,68,1.9563,0
0.0,18500000.0,29.05.2018,68,1.9563,0
0.0,10300000.0,29.05.2018,68,1.9563,0
0.0,8500000.0,29.05.2018,68,1.9842,0
0.0,20700000.0,29.05.2018,68,1.9842,0
0.0,20000000.0,29.05.2018,68,1.9842,0
59000000.0,0.0,29.05.2018,68,1.9842,0
10300000.0,0.0,29.05.2018,68,1.9842,0
0.0,10300000.0,29.05.2018,68,1.9842,0
0.0,24700000.0,29.05.2018,68,1.9842,0
15000000.0,0.0,29.05.2018,68,1.9842,0
12300000.0,0.0,29.05.2018,68,1.9842,0
0.0,10300000.0,29.05.2018,68,1.9842,0
0.0,30900000.0,29.05.2018,68,1.9842,0
0.0,20000000.0,29.05.2018,68,1.9842,0
183900000.0,0.0,29.05.2018,68,1.9842,0
0.0,8300000.0,29.05.2018,68,1.9842,0
14400000.0,0.0,29.05.2018,68,1.9842,0
20400000.0,0.0,29.05.2018,68,1.9842,0
31000000.0,0.0,29.05.2018,68,1.9842,0
0.0,20000000.0,29.05.2018,68,1.9842,0
260000000.0,0.0,29.05.2018,68,1.9842,0
0.0,109000000.0,29.05.2018,68,1.9842,0
0.0,25500000.0,29.05.2018,68,1.9842,0
0.0,50000000.0,29.05.2018,68,1.9842,0
207000000.0,0.0,29.05.2018,68,1.9842,0
0.0,16600000.0,29.05.2018,68,1.9842,0
0.0,14400000.0,29.05.2018,68,1.9842,0
10300000.0,0.0,29.05.2018,68,1.9842,0
0.0,10300000.0,29.05.2018,68,1.9842,0
0.0,9673.1,29.05.2018,68,3.0,0
678172.92,0.0,29.05.2018,68,6.875,0
0.0,851826.28,29.05.2018,68,6.875,0
0.0,2910881.55,29.05.2018,68,7.75,0
0.0,78000000.0,30.05.2018,69,1.9842,0
77000000.0,0.0,30.05.2018,69,1.9842,0
5000000.0,0.0,30.05.2018,69,1.9842,0
0.0,21800000.0,30.05.2018,69,1.9842,0
0.0,11000000.0,30.05.2018,69,1.9842,0
79000000.0,0.0,30.05.2018,69,1.9842,0
77000000.0,0.0,30.05.2018,69,1.9842,0
0.0,77000000.0,30.05.2018,69,1.9842,0
11000000.0,0.0,30.05.2018,69,1.9842,0
0.0,117000000.0,30.05.2018,69,1.9842,0
78100000.0,0.0,30.05.2018,69,1.9842,0
0.0,77000000.0,30.05.2018,69,1.9842,0
20900000.0,0.0,30.05.2018,69,1.9842,0
24800000.0,0.0,30.05.2018,69,1.9842,0
0.0,174800000.0,30.05.2018,69,1.9842,0
0.0,28600000.0,30.05.2018,69,1.9842,0
151200000.0,0.0,30.05.2018,69,1.9842,0
41600000.0,0.0,30.05.2018,69,1.9842,0
41600000.0,0.0,30.05.2018,69,1.9842,0
15000000.0,0.0,30.05.2018,69,1.9842,0
0.0,51600000.0,30.05.2018,69,1.9842,0
100000000.0,0.0,30.05.2018,69,1.9842,0
78000000.0,0.0,30.05.2018,69,1.9842,0
0.0,77000000.0,30.05.2018,69,1.9842,0
0.0,20800000.0,30.05.2018,69,1.9842,0
116000000.0,0.0,30.05.2018,69,1.9842,0
0.0,16000000.0,31.05.2018,70,1.9842,0
0.0,124000000.0,31.05.2018,70,1.9842,0
248000000.0,0.0,31.05.2018,70,1.9842,0
0.0,16400000.0,31.05.2018,70,1.9842,0
14300000.0,0.0,31.05.2018,70,1.9842,0
77000000.0,0.0,31.05.2018,70,1.9842,0
0.0,14300000.0,31.05.2018,70,1.9842,0
0.0,78491509.05,31.05.2018,70,1.9842,0
245000000.0,0.0,31.05.2018,70,1.9842,0
6300000.0,0.0,31.05.2018,70,1.9842,0
10800000.0,0.0,31.05.2018,70,1.9842,0
0.0,20500000.0,31.05.2018,70,1.9842,0
0.0,47000000.0,31.05.2018,70,1.9842,0
0.0,124000000.0,31.05.2018,70,1.9842,0
0.0,10400000.0,31.05.2018,70,1.9842,0
40000000.0,0.0,31.05.2018,70,2.5394,0
0.0,40000000.0,31.05.2018,70,2.5394,0
40000000.0,0.0,31.05.2018,70,2.5442,0
0.0,41800000.0,01.06.2018,71,2.0063,0
12500000.0,0.0,01.06.2018,71,2.0063,0
0.0,34100000.0,01.06.2018,71,2.0063,0
1000000.0,0.0,01.06.2018,71,2.0063,0
18000000.0,0.0,01.06.2018,71,2.0063,0
10000000.0,0.0,01.06.2018,71,2.0063,0
21300000.0,0.0,01.06.2018,71,2.0063,0
10300000.0,0.0,01.06.2018,71,2.0063,0
4600000.0,0.0,01.06.2018,71,2.0063,0
21300000.0,0.0,01.06.2018,71,2.0063,0
30600000.0,0.0,01.06.2018,71,2.0063,0
8300000.0,0.0,01.06.2018,71,2.0063,0
109000000.0,0.0,01.06.2018,71,2.0063,0
0.0,10000000.0,01.06.2018,71,2.0063,0
0.0,10500000.0,01.06.2018,71,2.0063,0
10800000.0,0.0,01.06.2018,71,2.0063,0
12000000.0,0.0,01.06.2018,71,2.0063,0
11000000.0,0.0,01.06.2018,71,2.0063,0
0.0,30600000.0,01.06.2018,71,2.0063,0
0.0,206000000.0,01.06.2018,71,2.0063,0
16600000.0,0.0,01.06.2018,71,2.0063,0
10300000.0,0.0,01.06.2018,71,2.0063,0
0.0,10400000.0,01.06.2018,71,2.0063,0
22000000.0,0.0,01.06.2018,71,2.0063,0
0.0,31000000.0,01.06.2018,71,2.0063,0
0.0,34100000.0,01.06.2018,71,2.0063,0
0.0,41800000.0,01.06.2018,71,2.0063,0
119600000.0,0.0,01.06.2018,71,2.0063,0
10400000.0,0.0,01.06.2018,71,2.0063,0
10300000.0,0.0,01.06.2018,71,2.0063,0
10300000.0,0.0,01.06.2018,71,2.0063,0
20400000.0,0.0,01.06.2018,71,2.0063,0
0.0,14300000.0,01.06.2018,71,2.0063,0
75000000.0,0.0,01.06.2018,71,2.0063,0
75000000.0,0.0,01.06.2018,71,2.0063,0
0.0,41800000.0,01.06.2018,71,2.0063,0
0.0,66700000.0,01.06.2018,71,2.0063,0
0.0,54300000.0,01.06.2018,71,2.0063,0
0.0,15800000.0,01.06.2018,71,2.0063,0
0.0,20600000.0,01.06.2018,71,2.0063,0
100000000.0,0.0,04.06.2018,74,1.245,0
80000000.0,0.0,04.06.2018,74,1.668,0
90000000.0,0.0,04.06.2018,74,1.668,0
25864700.0,0.0,04.06.2018,74,1.668,0
0.0,90000000.0,04.06.2018,74,1.668,0
0.0,80000000.0,04.06.2018,74,1.668,0
0.0,16600000.0,04.06.2018,74,2.0172,0
21000000.0,0.0,04.06.2018,74,2.0172,0
0.0,41250000.0,04.06.2018,74,2.0172,0
0.0,30000000.0,04.06.2018,74,2.0172,0
0.0,250000000.0,04.06.2018,74,2.0172,0
0.0,20000000.0,04.06.2018,74,2.0172,0
34800000.0,0.0,04.06.2018,74,2.0172,0
0.0,20600000.0,04.06.2018,74,2.0172,0
0.0,10300000.0,04.06.2018,74,2.0172,0
31000000.0,0.0,04.06.2018,74,2.0172,0
20600000.0,0.0,04.06.2018,74,2.0172,0
0.0,20600000.0,04.06.2018,74,2.0172,0
10300000.0,0.0,04.06.2018,74,2.0172,0
0.0,21300000.0,04.06.2018,74,2.0172,0
0.0,56700000.0,04.06.2018,74,2.0172,0
10200000.0,0.0,04.06.2018,74,2.0172,0
12400000.0,0.0,04.06.2018,74,2.0172,0
51500000.0,0.0,04.06.2018,74,2.0172,0
0.0,100000000.0,04.06.2018,74,2.0172,0
0.0,20800000.0,04.06.2018,74,2.0172,0
0.0,10000000.0,04.06.2018,74,2.0172,0
20500000.0,0.0,04.06.2018,74,2.0172,0
0.0,10200000.0,04.06.2018,74,2.0172,0
10300000.0,0.0,04.06.2018,74,2.0172,0
0.0,10400000.0,04.06.2018,74,2.0172,0
47600000.0,0.0,04.06.2018,74,2.0172,0
0.0,10000000.0,04.06.2018,74,2.0172,0
16600000.0,0.0,04.06.2018,74,2.0172,0
0.0,20000000.0,04.06.2018,74,2.0172,0
106500000.0,0.0,04.06.2018,74,2.0172,0
100000000.0,0.0,04.06.2018,74,2.0172,0
150000000.0,0.0,04.06.2018,74,2.0172,0
0.0,100000000.0,04.06.2018,74,2.0172,0
18600000.0,0.0,04.06.2018,74,2.0172,0
0.0,10300000.0,04.06.2018,74,2.0172,0
0.0,10000000.0,04.06.2018,74,2.0172,0
20800000.0,0.0,04.06.2018,74,2.0172,0
0.0,14400000.0,04.06.2018,74,2.0172,0
14400000.0,0.0,04.06.2018,74,2.0172,0
0.0,10300000.0,04.06.2018,74,2.0172,0
0.0,27000000.0,04.06.2018,74,2.0172,0
31300000.0,0.0,04.06.2018,74,2.0172,0
0.0,31000000.0,04.06.2018,74,2.0172,0
12300000.0,0.0,04.06.2018,74,2.0172,0
10300000.0,0.0,04.06.2018,74,2.0172,0
0.0,16500000.0,04.06.2018,74,2.0172,0
0.0,10300000.0,04.06.2018,74,2.0172,0
0.0,11000000.0,04.06.2018,74,2.0172,0
0.0,25000000.0,04.06.2018,74,2.0172,0
0.0,100000000.0,04.06.2018,74,2.0172,0
0.0,20500000.0,04.06.2018,74,2.0172,0
0.0,33000000.0,04.06.2018,74,2.0246,0
18900000.0,0.0,04.06.2018,74,2.0246,0
0.0,5900000.0,04.06.2018,74,2.0246,0
20600000.0,0.0,04.06.2018,74,2.0246,0
20800000.0,0.0,04.06.2018,74,2.0246,0
0.0,21870000.0,04.06.2018,74,2.0246,0
10000000.0,0.0,04.06.2018,74,2.0246,0
10400000.0,0.0,04.06.2018,74,2.0246,0
50000000.0,0.0,04.06.2018,74,2.0246,0
16400000.0,0.0,04.06.2018,74,2.0246,0
10300000.0,0.0,04.06.2018,74,2.0246,0
19100000.0,0.0,04.06.2018,74,2.0246,0
0.0,10900000.0,04.06.2018,74,2.0246,0
0.0,103000000.0,04.06.2018,74,2.0246,0
10800000.0,0.0,04.06.2018,74,2.0246,0
54500000.0,0.0,04.06.2018,74,2.0246,0
0.0,21000000.0,04.06.2018,74,2.0246,0
0.0,20500000.0,04.06.2018,74,2.0246,0
12300000.0,0.0,04.06.2018,74,2.0246,0
10300000.0,0.0,04.06.2018,74,2.0246,0
0.0,100000000.0,04.06.2018,74,2.0246,0
21000000.0,0.0,04.06.2018,74,2.0246,0
25000000.0,0.0,04.06.2018,74,2.0246,0
8100000.0,0.0,04.06.2018,74,2.0246,0
0.0,10300000.0,04.06.2018,74,2.0246,0
15500000.0,0.0,04.06.2018,74,2.0246,0
11000000.0,0.0,04.06.2018,74,2.0246,0
35600000.0,0.0,04.06.2018,74,2.0246,0
150900000.0,0.0,04.06.2018,74,2.0246,0
0.0,24200000.0,04.06.2018,74,2.0246,0
48079957.31,0.0,04.06.2018,74,2.0246,0
0.0,34000000.0,04.06.2018,74,2.0246,0
0.0,5000000.0,04.06.2018,74,2.0246,0
20000000.0,0.0,04.06.2018,74,2.0246,0
10000000.0,0.0,04.06.2018,74,2.0246,0
44000000.0,0.0,04.06.2018,74,2.0246,0
20000000.0,0.0,04.06.2018,74,2.0246,0
0.0,100000000.0,04.06.2018,74,2.0246,0
0.0,30000000.0,04.06.2018,74,2.0246,0
5000000.0,0.0,04.06.2018,74,2.0246,0
31300000.0,0.0,04.06.2018,74,2.0246,0
20000000.0,0.0,04.06.2018,74,2.0246,0
151000000.0,0.0,04.06.2018,74,2.0246,0
60543482.51,0.0,04.06.2018,74,2.0246,0
200000000.0,0.0,04.06.2018,74,2.0246,0
0.0,10300000.0,04.06.2018,74,2.0246,0
10000000.0,0.0,04.06.2018,74,2.0246,0
0.0,116900000.0,04.06.2018,74,2.0246,0
0.0,10400000.0,04.06.2018,74,2.0246,0
0.0,164000000.0,04.06.2018,74,2.0246,0
20130000.0,0.0,04.06.2018,74,2.0246,0
0.0,107067637.1,04.06.2018,74,2.0246,0
6100000.0,0.0,04.06.2018,74,2.0246,0
0.0,30600000.0,04.06.2018,74,2.0246,0
10900000.0,0.0,04.06.2018,74,2.0246,0
21900000.0,0.0,04.06.2018,74,2.0246,0
10300000.0,0.0,04.06.2018,74,2.0246,0
20400000.0,0.0,04.06.2018,74,2.0246,0
15800000.0,0.0,04.06.2018,74,2.0246,0
0.0,5400000.0,04.06.2018,74,2.0246,0
10300000.0,0.0,04.06.2018,74,2.0246,0
10400000.0,0.0,04.06.2018,74,2.0246,0
0.0,11300000.0,05.06.2018,75,2.0246,0
54000000.0,0.0,05.06.2018,75,2.0246,0
0.0,16000000.0,05.06.2018,75,2.0246,0
0.0,20700000.0,05.06.2018,75,2.0246,0
0.0,55200000.0,05.06.2018,75,2.0246,0
49700000.0,0.0,05.06.2018,75,2.0246,0
0.0,11000000.0,05.06.2018,75,2.0246,0
20000000.0,0.0,05.06.2018,75,2.0246,0
8300000.0,0.0,05.06.2018,75,2.0246,0
109000000.0,0.0,05.06.2018,75,2.0246,0
0.0,100000000.0,05.06.2018,75,2.0246,0
10000000.0,0.0,05.06.2018,75,2.0246,0
0.0,38000000.0,05.06.2018,75,2.0246,0
0.0,27500000.0,05.06.2018,75,2.0246,0
0.0,207000000.0,05.06.2018,75,2.0246,0
0.0,21300000.0,05.06.2018,75,2.0246,0
10000000.0,0.0,05.06.2018,75,2.0246,0
50000000.0,0.0,05.06.2018,75,2.0246,0
20000000.0,0.0,05.06.2018,75,2.0246,0
0.0,34000000.0,05.06.2018,75,2.0246,0
5400000.0,0.0,05.06.2018,75,2.0246,0
22000000.0,0.0,05.06.2018,75,2.0246,0
0.0,100000000.0,05.06.2018,75,2.0246,0
0.0,10000000.0,05.06.2018,75,2.0246,0
0.0,10273.31,05.06.2018,75,3.0,0
14031.34,0.0,05.06.2018,75,3.1625,0
0.0,15.05,05.06.2018,75,3.1625,0
25500000.0,0.0,06.06.2018,76,1.383,0
14700000.0,0.0,06.06.2018,76,2.0252,0
0.0,55400000.0,06.06.2018,76,2.0252,0
60900000.0,0.0,06.06.2018,76,2.0252,0
20900000.0,0.0,06.06.2018,76,2.0252,0
60900000.0,0.0,06.06.2018,76,2.0252,0
0.0,25500000.0,06.06.2018,76,2.0252,0
0.0,106100000.0,06.06.2018,76,2.0252,0
0.0,14300000.0,06.06.2018,76,2.0252,0
0.0,16600000.0,06.06.2018,76,2.0252,0
0.0,16600000.0,06.06.2018,76,2.0252,0
0.0,10300000.0,06.06.2018,76,2.0252,0
171900000.0,0.0,06.06.2018,76,2.0252,0
14300000.0,0.0,06.06.2018,76,2.0252,0
0.0,10200000.0,06.06.2018,76,2.0252,0
76700000.0,0.0,06.06.2018,76,2.0252,0
0.0,67800000.0,06.06.2018,76,2.0252,0
20000000.0,0.0,06.06.2018,76,2.0252,0
4200000.0,0.0,06.06.2018,76,2.0252,0
0.0,8300000.0,06.06.2018,76,2.0252,0
0.0,40000000.0,06.06.2018,76,2.0252,0
50000000.0,0.0,06.06.2018,76,2.0252,0
22000000.0,0.0,06.06.2018,76,2.0252,0
0.0,20700000.0,06.06.2018,76,2.0252,0
20700000.0,0.0,06.06.2018,76,2.0252,0
11000000.0,0.0,06.06.2018,76,2.0252,0
0.0,55400000.0,06.06.2018,76,2.0252,0
0.0,67000000.0,06.06.2018,76,2.0252,0
0.0,10000000.0,06.06.2018,76,2.0252,0
10400000.0,0.0,06.06.2018,76,2.0252,0
10400000.0,0.0,06.06.2018,76,2.0252,0
14300000.0,0.0,06.06.2018,76,2.0252,0
8500000.0,0.0,06.06.2018,76,2.0252,0
0.0,10200000.0,06.06.2018,76,2.0252,0
10200000.0,0.0,06.06.2018,76,2.0252,0
10300000.0,0.0,06.06.2018,76,2.0252,0
0.0,20800000.0,06.06.2018,76,2.0252,0
10400000.0,0.0,06.06.2018,76,2.0252,0
50000000.0,0.0,07.06.2018,77,0.934,0
0.0,67800000.0,07.06.2018,77,2.0349,0
0.0,103200000.0,07.06.2018,77,2.0349,0
10000000.0,0.0,07.06.2018,77,2.0349,0
60300000.0,0.0,07.06.2018,77,2.0349,0
24400000.0,0.0,07.06.2018,77,2.0349,0
0.0,54200000.0,07.06.2018,77,2.0349,0
42000000.0,0.0,07.06.2018,77,2.0349,0
14500000.0,0.0,07.06.2018,77,2.0349,0
0.0,52000000.0,07.06.2018,77,2.0349,0
10300000.0,0.0,07.06.2018,77,2.0349,0
6000000.0,0.0,07.06.2018,77,2.0349,0
10000000.0,0.0,07.06.2018,77,2.0349,0
0.0,10200000.0,07.06.2018,77,2.0349,0
76600000.0,0.0,07.06.2018,77,2.0349,0
10400000.0,0.0,07.06.2018,77,2.0349,0
0.0,75400000.0,07.06.2018,77,2.0349,0
10000000.0,0.0,07.06.2018,77,2.0349,0
12400000.0,0.0,07.06.2018,77,2.0349,0
0.0,27200000.0,07.06.2018,77,2.0349,0
61300000.0,0.0,07.06.2018,77,2.0349,0
0.0,100000000.0,07.06.2018,77,2.0349,0
16600000.0,0.0,07.06.2018,77,2.0349,0
54500000.0,0.0,07.06.2018,77,2.0349,0
10300000.0,0.0,07.06.2018,77,2.0349,0
10300000.0,0.0,07.06.2018,77,2.0349,0
0.0,43400000.0,07.06.2018,77,2.0349,0
5300000.0,0.0,07.06.2018,77,2.0349,0
26000000.0,0.0,07.06.2018,77,2.0349,0
6000000.0,0.0,07.06.2018,77,2.0349,0
10400000.0,0.0,07.06.2018,77,2.0349,0
20900000.0,0.0,07.06.2018,77,2.0349,0
0.0,36900000.0,07.06.2018,77,2.0349,0
36900000.0,0.0,07.06.2018,77,2.0349,0
0.0,50000000.0,07.06.2018,77,2.0349,0
54300000.0,0.0,07.06.2018,77,2.0349,0
10300000.0,0.0,07.06.2018,77,2.0349,0
10300000.0,0.0,07.06.2018,77,2.0349,0
12400000.0,0.0,07.06.2018,77,2.0349,0
0.0,14300000.0,07.06.2018,77,2.0349,0
0.0,20900000.0,07.06.2018,77,2.0349,0
30000000.0,0.0,07.06.2018,77,2.0349,0
0.0,103300000.0,08.06.2018,78,2.0473,0
0.0,10000000.0,08.06.2018,78,2.0473,0
0.0,11100000.0,08.06.2018,78,2.0473,0
21300000.0,0.0,08.06.2018,78,2.0473,0
11300000.0,0.0,08.06.2018,78,2.0473,0
21900000.0,0.0,08.06.2018,78,2.0473,0
14400000.0,0.0,08.06.2018,78,2.0473,0
0.0,11000000.0,08.06.2018,78,2.0473,0
0.0,10300000.0,08.06.2018,78,2.0473,0
0.0,1000000.0,08.06.2018,78,2.0473,0
0.0,103300000.0,08.06.2018,78,2.0473,0
21300000.0,0.0,08.06.2018,78,2.0473,0
0.0,20700000.0,08.06.2018,78,2.0473,0
207100000.0,0.0,08.06.2018,78,2.0473,0
0.0,5500000.0,08.06.2018,78,2.0473,0
51500000.0,0.0,08.06.2018,78,2.0473,0
20500000.0,0.0,08.06.2018,78,2.0473,0
0.0,11000000.0,08.06.2018,78,2.0473,0
108900000.0,0.0,08.06.2018,78,2.0473,0
0.0,20800000.0,08.06.2018,78,2.0473,0
0.0,21300000.0,08.06.2018,78,2.0473,0
0.0,39000000.0,08.06.2018,78,2.0473,0
0.0,100000000.0,08.06.2018,78,2.0473,0
0.0,301500000.0,08.06.2018,78,2.0473,0
0.0,14400000.0,08.06.2018,78,2.0473,0
0.0,12400000.0,08.06.2018,78,2.0473,0
0.0,20500000.0,08.06.2018,78,2.0473,0
0.0,104400000.0,08.06.2018,78,2.0473,0
0.0,10300000.0,08.06.2018,78,2.0473,0
0.0,10300000.0,08.06.2018,78,2.0473,0
54900000.0,0.0,08.06.2018,78,2.0473,0
0.0,25100000.0,08.06.2018,78,2.0473,0
55100000.0,0.0,08.06.2018,78,2.0473,0
36500000.0,0.0,08.06.2018,78,2.0473,0
0.0,20700000.0,08.06.2018,78,2.0473,0
0.0,43500000.0,08.06.2018,78,2.0473,0
0.0,102200000.0,08.06.2018,78,2.0473,0
52800000.0,0.0,08.06.2018,78,2.0473,0
54400000.0,0.0,08.06.2018,78,2.0473,0
54400000.0,0.0,08.06.2018,78,2.0473,0
12300000.0,0.0,08.06.2018,78,2.0473,0
0.0,320000000.0,11.06.2018,81,1.7225,0
320000000.0,0.0,11.06.2018,81,1.7225,0
115000000.0,0.0,11.06.2018,81,1.7225,0
0.0,115000000.0,11.06.2018,81,1.7225,0
0.0,50000000.0,11.06.2018,81,2.0573,0
0.0,20000000.0,11.06.2018,81,2.0573,0
10300000.0,0.0,11.06.2018,81,2.0573,0
3700000.0,0.0,11.06.2018,81,2.0573,0
5500000.0,0.0,11.06.2018,81,2.0573,0
0.0,108300000.0,11.06.2018,81,2.0573,0
71000000.0,0.0,11.06.2018,81,2.0573,0
52800000.0,0.0,11.06.2018,81,2.0573,0
0.0,230000000.0,11.06.2018,81,2.0573,0
0.0,20600000.0,11.06.2018,81,2.0573,0
10300000.0,0.0,11.06.2018,81,2.0573,0
10300000.0,0.0,11.06.2018,81,2.0573,0
11000000.0,0.0,11.06.2018,81,2.0573,0
0.0,102100000.0,11.06.2018,81,2.0573,0
0.0,230000000.0,11.06.2018,81,2.0573,0
0.0,26900000.0,11.06.2018,81,2.0573,0
0.0,30600000.0,11.06.2018,81,2.0573,0
230000000.0,0.0,11.06.2018,81,2.0573,0
10000000.0,0.0,11.06.2018,81,2.0573,0
0.0,10000000.0,11.06.2018,81,2.0573,0
0.0,10000000.0,11.06.2018,81,2.0573,0
10900000.0,0.0,11.06.2018,81,2.0573,0
206200000.0,0.0,11.06.2018,81,2.0573,0
34000000.0,0.0,11.06.2018,81,2.0573,0
10000000.0,0.0,11.06.2018,81,2.0573,0
10000000.0,0.0,11.06.2018,81,2.0573,0
100000000.0,0.0,11.06.2018,81,2.0714,0
0.0,5000000.0,11.06.2018,81,2.0714,0
0.0,5000000.0,11.06.2018,81,2.0714,0
0.0,54100000.0,11.06.2018,81,2.0714,0
10400000.0,0.0,11.06.2018,81,2.0714,0
0.0,50000000.0,11.06.2018,81,2.0714,0
11000000.0,0.0,11.06.2018,81,2.0714,0
11000000.0,0.0,11.06.2018,81,2.0714,0
17750000.0,0.0,11.06.2018,81,2.0714,0
31100000.0,0.0,11.06.2018,81,2.0714,0
3900000.0,0.0,11.06.2018,81,2.0714,0
28100000.0,0.0,11.06.2018,81,2.0714,0
0.0,11000000.0,11.06.2018,81,2.0714,0
41000000.0,0.0,11.06.2018,81,2.0714,0
10300000.0,0.0,11.06.2018,81,2.0714,0
10300000.0,0.0,11.06.2018,81,2.0714,0
10300000.0,0.0,11.06.2018,81,2.0714,0
30800000.0,0.0,11.06.2018,81,2.0714,0
12400000.0,0.0,11.06.2018,81,2.0714,0
10300000.0,0.0,11.06.2018,81,2.0714,0
20700000.0,0.0,11.06.2018,81,2.0714,0
27200000.0,0.0,11.06.2018,81,2.0714,0
103000000.0,0.0,11.06.2018,81,2.0714,0
54400000.0,0.0,11.06.2018,81,2.0714,0
11000000.0,0.0,11.06.2018,81,2.0714,0
10300000.0,0.0,11.06.2018,81,2.0714,0
20600000.0,0.0,11.06.2018,81,2.0714,0
1000000.0,0.0,11.06.2018,81,2.0714,0
20000000.0,0.0,11.06.2018,81,2.0714,0
17000000.0,0.0,11.06.2018,81,2.0714,0
0.0,100000000.0,11.06.2018,81,2.0714,0
11000000.0,0.0,11.06.2018,81,2.0714,0
0.0,12000000.0,11.06.2018,81,2.0714,0
10300000.0,0.0,11.06.2018,81,2.0714,0
20600000.0,0.0,11.06.2018,81,2.0714,0
0.0,24900000.0,11.06.2018,81,2.0714,0
0.0,104400000.0,11.06.2018,81,2.0714,0
20600000.0,0.0,11.06.2018,81,2.0714,0
10300000.0,0.0,11.06.2018,81,2.0714,0
0.0,16500000.0,11.06.2018,81,2.0714,0
0.0,6000000.0,11.06.2018,81,2.0714,0
0.0,5000000.0,11.06.2018,81,2.0714,0
0.0,12800000.0,11.06.2018,81,2.0714,0
55300000.0,0.0,11.06.2018,81,2.0714,0
55200000.0,0.0,11.06.2018,81,2.0714,0
20900000.0,0.0,11.06.2018,81,2.0714,0
0.0,103000000.0,11.06.2018,81,2.0714,0
0.0,12500000.0,11.06.2018,81,2.0714,0
10300000.0,0.0,11.06.2018,81,2.0714,0
12800000.0,0.0,11.06.2018,81,2.0714,0
10300000.0,0.0,11.06.2018,81,2.0714,0
0.0,15000000.0,11.06.2018,81,2.0714,0
20600000.0,0.0,11.06.2018,81,2.0714,0
0.0,16500000.0,11.06.2018,81,2.0714,0
0.0,51500000.0,11.06.2018,81,2.0714,0
0.0,30900000.0,11.06.2018,81,2.0714,0
0.0,104600000.0,11.06.2018,81,2.0714,0
10400000.0,0.0,11.06.2018,81,2.0714,0
0.0,50000000.0,12.06.2018,82,2.0714,0
32800000.0,0.0,12.06.2018,82,2.0714,0
0.0,11000000.0,12.06.2018,82,2.0714,0
0.0,61900000.0,12.06.2018,82,2.0714,0
0.0,10400000.0,12.06.2018,82,2.0714,0
0.0,10300000.0,12.06.2018,82,2.0714,0
10400000.0,0.0,12.06.2018,82,2.0714,0
10000000.0,0.0,12.06.2018,82,2.0714,0
0.0,230000000.0,12.06.2018,82,2.0714,0
0.0,10300000.0,12.06.2018,82,2.0714,0
11000000.0,0.0,12.06.2018,82,2.0714,0
11000000.0,0.0,12.06.2018,82,2.0714,0
0.0,17000000.0,12.06.2018,82,2.0714,0
15000000.0,0.0,12.06.2018,82,2.0714,0
20000000.0,0.0,12.06.2018,82,2.0714,0
25000000.0,0.0,12.06.2018,82,2.0714,0
50000000.0,0.0,12.06.2018,82,2.0714,0
0.0,5500000.0,12.06.2018,82,2.0714,0
11000000.0,0.0,12.06.2018,82,2.0714,0
17000000.0,0.0,12.06.2018,82,2.0714,0
0.0,5500000.0,12.06.2018,82,2.0714,0
0.0,50000000.0,12.06.2018,82,2.0714,0
27000000.0,0.0,12.06.2018,82,2.0714,0
0.0,20000000.0,12.06.2018,82,2.0714,0
15000000.0,0.0,12.06.2018,82,2.0714,0
10400000.0,0.0,12.06.2018,82,2.0714,0
0.0,27100000.0,12.06.2018,82,2.0714,0
0.0,20800000.0,12.06.2018,82,2.0714,0
0.0,12800000.0,12.06.2018,82,2.0714,0
10300000.0,0.0,12.06.2018,82,2.0714,0
20800000.0,0.0,12.06.2018,82,2.0714,0
0.0,11000000.0,13.06.2018,83,2.0888,0
0.0,20000000.0,13.06.2018,83,2.0888,0
10300000.0,0.0,13.06.2018,83,2.0888,0
10300000.0,0.0,13.06.2018,83,2.0888,0
10500000.0,0.0,13.06.2018,83,2.0888,0
0.0,33600000.0,13.06.2018,83,2.0888,0
25000000.0,0.0,13.06.2018,83,2.0888,0
0.0,250000000.0,13.06.2018,83,2.0888,0
52000000.0,0.0,13.06.2018,83,2.0888,0
0.0,20700000.0,13.06.2018,83,2.0888,0
0.0,20000000.0,13.06.2018,83,2.0888,0
0.0,115000000.0,13.06.2018,83,2.0888,0
10300000.0,0.0,13.06.2018,83,2.0888,0
0.0,27500000.0,13.06.2018,83,2.0888,0
11000000.0,0.0,13.06.2018,83,2.0888,0
31100000.0,0.0,13.06.2018,83,2.0888,0
0.0,10000000.0,13.06.2018,83,2.0888,0
20700000.0,0.0,13.06.2018,83,2.0888,0
25000000.0,0.0,13.06.2018,83,2.0888,0
11000000.0,0.0,13.06.2018,83,2.0888,0
51000000.0,0.0,13.06.2018,83,2.0888,0
0.0,17000000.0,13.06.2018,83,2.0888,0
21300000.0,0.0,13.06.2018,83,2.0888,0
20000000.0,0.0,13.06.2018,83,2.0888,0
0.0,250000000.0,13.06.2018,83,2.0888,0
7700000.0,0.0,13.06.2018,83,2.0888,0
4200000.0,0.0,13.06.2018,83,2.0888,0
18800000.0,0.0,13.06.2018,83,2.0888,0
0.0,10500000.0,13.06.2018,83,2.0888,0
10000000.0,0.0,13.06.2018,83,2.0888,0
1400000.0,0.0,13.06.2018,83,2.0888,0
50000000.0,0.0,13.06.2018,83,2.0888,0
126000000.0,0.0,13.06.2018,83,2.0888,0
55000000.0,0.0,13.06.2018,83,2.0888,0
10400000.0,0.0,13.06.2018,83,2.0888,0
10000000.0,0.0,13.06.2018,83,2.0888,0
0.0,52250000.0,13.06.2018,83,2.0888,0
0.0,20600000.0,13.06.2018,83,2.0888,0
8000000.0,0.0,13.06.2018,83,2.0888,0
31100000.0,0.0,13.06.2018,83,2.0888,0
3500000.0,0.0,13.06.2018,83,2.0888,0
0.0,46500000.0,13.06.2018,83,2.0888,0
29300000.0,0.0,13.06.2018,83,2.0888,0
0.0,121500000.0,13.06.2018,83,2.0888,0
0.0,47300000.0,13.06.2018,83,2.0888,0
6100000.0,0.0,14.06.2018,84,2.1069,0
0.0,8200000.0,14.06.2018,84,2.1069,0
0.0,103100000.0,14.06.2018,84,2.1069,0
27000000.0,0.0,14.06.2018,84,2.1069,0
158000000.0,0.0,14.06.2018,84,2.1069,0
20900000.0,0.0,14.06.2018,84,2.1069,0
0.0,10500000.0,14.06.2018,84,2.1069,0
0.0,10000000.0,14.06.2018,84,2.1069,0
20000000.0,0.0,14.06.2018,84,2.1069,0
350000000.0,0.0,14.06.2018,84,2.1069,0
10300000.0,0.0,14.06.2018,84,2.1069,0
0.0,41500000.0,14.06.2018,84,2.1069,0
0.0,83200000.0,14.06.2018,84,2.1069,0
21500000.0,0.0,14.06.2018,84,2.1069,0
0.0,41500000.0,14.06.2018,84,2.1069,0
0.0,41500000.0,14.06.2018,84,2.1069,0
0.0,151200000.0,14.06.2018,84,2.1069,0
0.0,12200000.0,14.06.2018,84,2.1069,0
0.0,41500000.0,14.06.2018,84,2.1069,0
0.0,12400000.0,14.06.2018,84,2.1069,0
10300000.0,0.0,14.06.2018,84,2.1069,0
0.0,5100000.0,14.06.2018,84,2.1069,0
6100000.0,0.0,14.06.2018,84,2.1069,0
0.0,16700000.0,14.06.2018,84,2.1069,0
0.0,10000000.0,14.06.2018,84,2.1069,0
0.0,10000000.0,14.06.2018,84,2.1069,0
0.0,14400000.0,14.06.2018,84,2.1069,0
12400000.0,0.0,14.06.2018,84,2.1069,0
8200000.0,0.0,14.06.2018,84,2.1069,0
140000000.0,0.0,14.06.2018,84,2.1069,0
10200000.0,0.0,14.06.2018,84,2.1069,0
0.0,6100000.0,14.06.2018,84,2.1069,0
10000000.0,0.0,14.06.2018,84,2.1069,0
10000000.0,0.0,14.06.2018,84,2.1069,0
0.0,10500000.0,14.06.2018,84,2.1069,0
0.0,12600000.0,14.06.2018,84,2.1069,0
0.0,15000000.0,14.06.2018,84,2.1069,0
54200000.0,0.0,14.06.2018,84,2.1069,0
12400000.0,0.0,14.06.2018,84,2.1069,0
0.0,18000000.0,14.06.2018,84,2.1069,0
109400000.0,0.0,14.06.2018,84,2.1069,0
0.0,1000000.0,15.06.2018,85,2.1245,0
0.0,10000000.0,15.06.2018,85,2.1245,0
100000000.0,0.0,15.06.2018,85,2.1245,0
0.0,42100000.0,15.06.2018,85,2.1245,0
11000000.0,0.0,15.06.2018,85,2.1245,0
10900000.0,0.0,15.06.2018,85,2.1245,0
10400000.0,0.0,15.06.2018,85,2.1245,0
0.0,56600000.0,15.06.2018,85,2.1245,0
45200000.0,0.0,15.06.2018,85,2.1245,0
0.0,53200000.0,15.06.2018,85,2.1245,0
0.0,12400000.0,15.06.2018,85,2.1245,0
0.0,12000000.0,15.06.2018,85,2.1245,0
0.0,14500000.0,15.06.2018,85,2.1245,0
31100000.0,0.0,15.06.2018,85,2.1245,0
10300000.0,0.0,15.06.2018,85,2.1245,0
0.0,10400000.0,15.06.2018,85,2.1245,0
0.0,10400000.0,15.06.2018,85,2.1245,0
12300000.0,0.0,15.06.2018,85,2.1245,0
0.0,22400000.0,15.06.2018,85,2.1245,0
0.0,11000000.0,15.06.2018,85,2.1245,0
82900000.0,0.0,15.06.2018,85,2.1245,0
10200000.0,0.0,15.06.2018,85,2.1245,0
20900000.0,0.0,15.06.2018,85,2.1245,0
18400000.0,0.0,15.06.2018,85,2.1245,0
0.0,204700000.0,15.06.2018,85,2.1245,0
0.0,102700000.0,15.06.2018,85,2.1245,0
106500000.0,0.0,15.06.2018,85,2.1245,0
0.0,10300000.0,15.06.2018,85,2.1245,0
0.0,12300000.0,15.06.2018,85,2.1245,0
65000000.0,0.0,15.06.2018,85,2.1245,0
12300000.0,0.0,15.06.2018,85,2.1245,0
0.0,55000000.0,15.06.2018,85,2.1245,0
0.0,72100000.0,15.06.2018,85,2.1245,0
0.0,10000000.0,15.06.2018,85,2.1245,0
0.0,20900000.0,15.06.2018,85,2.1245,0
20900000.0,0.0,15.06.2018,85,2.1245,0
0.0,20400000.0,15.06.2018,85,2.1245,0
0.0,50000000.0,15.06.2018,85,2.1245,0
0.0,20900000.0,15.06.2018,85,2.1245,0
27700000.0,0.0,15.06.2018,85,2.1245,0
0.0,10400000.0,15.06.2018,85,2.1245,0
60700000.0,0.0,15.06.2018,85,2.1245,0
102400000.0,0.0,15.06.2018,85,2.1245,0
70000000.0,0.0,15.06.2018,85,2.1266,0
0.0,70000000.0,15.06.2018,85,2.1266,0
70000000.0,0.0,15.06.2018,85,2.3375,0
50000000.0,0.0,18.06.2018,88,2.145,0
0.0,6000000.0,18.06.2018,88,2.145,0
50000000.0,0.0,18.06.2018,88,2.145,0
0.0,17500000.0,18.06.2018,88,2.145,0
0.0,10300000.0,18.06.2018,88,2.145,0
0.0,21300000.0,18.06.2018,88,2.145,0
0.0,55000000.0,18.06.2018,88,2.145,0
207400000.0,0.0,18.06.2018,88,2.145,0
8300000.0,0.0,18.06.2018,88,2.145,0
0.0,20700000.0,18.06.2018,88,2.145,0
5400000.0,0.0,18.06.2018,88,2.145,0
0.0,11000000.0,18.06.2018,88,2.145,0
0.0,10400000.0,18.06.2018,88,2.145,0
0.0,10000000.0,18.06.2018,88,2.145,0
0.0,10000000.0,18.06.2018,88,2.145,0
0.0,36000000.0,18.06.2018,88,2.145,0
10400000.0,0.0,18.06.2018,88,2.145,0
61200000.0,0.0,18.06.2018,88,2.145,0
30000000.0,0.0,18.06.2018,88,2.145,0
0.0,1250000.0,18.06.2018,88,2.145,0
0.0,11100000.0,18.06.2018,88,2.145,0
0.0,6100000.0,18.06.2018,88,2.145,0
0.0,12800000.0,18.06.2018,88,2.145,0
0.0,109200000.0,18.06.2018,88,2.145,0
0.0,100000000.0,18.06.2018,88,2.145,0
0.0,8000000.0,18.06.2018,88,2.145,0
31400000.0,0.0,18.06.2018,88,2.145,0
0.0,10300000.0,18.06.2018,88,2.145,0
12400000.0,0.0,18.06.2018,88,2.145,0
0.0,10300000.0,18.06.2018,88,2.145,0
0.0,8200000.0,18.06.2018,88,2.145,0
12000000.0,0.0,18.06.2018,88,2.145,0
10000000.0,0.0,18.06.2018,88,2.145,0
0.0,30000000.0,18.06.2018,88,2.145,0
200000000.0,0.0,18.06.2018,88,2.145,0
0.0,14300000.0,18.06.2018,88,2.145,0
40800000.0,0.0,18.06.2018,88,2.145,0
12000000.0,0.0,18.06.2018,88,2.145,0
0.0,16600000.0,18.06.2018,88,2.145,0
0.0,12000000.0,18.06.2018,88,2.145,0
0.0,10400000.0,18.06.2018,88,2.145,0
54100000.0,0.0,18.06.2018,88,2.145,0
0.0,17800000.0,18.06.2018,88,2.145,0
0.0,41600000.0,18.06.2018,88,2.145,0
0.0,103000000.0,18.06.2018,88,2.145,0
31200000.0,0.0,18.06.2018,88,2.145,0
14400000.0,0.0,18.06.2018,88,2.1775,0
0.0,127500000.0,18.06.2018,88,2.1775,0
0.0,185600000.0,18.06.2018,88,2.1775,0
10000000.0,0.0,18.06.2018,88,2.1775,0
0.0,27000000.0,18.06.2018,88,2.1775,0
21100000.0,0.0,18.06.2018,88,2.1775,0
18000000.0,0.0,18.06.2018,88,2.1775,0
0.0,21100000.0,18.06.2018,88,2.1775,0
0.0,18000000.0,18.06.2018,88,2.1775,0
102000000.0,0.0,18.06.2018,88,2.1775,0
43400000.0,0.0,18.06.2018,88,2.1775,0
5400000.0,0.0,18.06.2018,88,2.1775,0
0.0,15500000.0,18.06.2018,88,2.1775,0
10300000.0,0.0,18.06.2018,88,2.1775,0
0.0,29400000.0,18.06.2018,88,2.1775,0
25600000.0,0.0,18.06.2018,88,2.1775,0
0.0,20700000.0,18.06.2018,88,2.1775,0
0.0,20500000.0,18.06.2018,88,2.1775,0
53100000.0,0.0,18.06.2018,88,2.1775,0
18000000.0,0.0,18.06.2018,88,2.1775,0
20000000.0,0.0,18.06.2018,88,2.1775,0
0.0,10000000.0,18.06.2018,88,2.1775,0
0.0,20900000.0,18.06.2018,88,2.1775,0
0.0,20900000.0,18.06.2018,88,2.1775,0
0.0,6000000.0,18.06.2018,88,2.1775,0
0.0,55000000.0,18.06.2018,88,2.1775,0
0.0,5600000.0,18.06.2018,88,2.1775,0
16400000.0,0.0,18.06.2018,88,2.1775,0
0.0,21100000.0,18.06.2018,88,2.1775,0
12000000.0,0.0,18.06.2018,88,2.1775,0
200500000.0,0.0,18.06.2018,88,2.1775,0
0.0,27000000.0,18.06.2018,88,2.1775,0
40100000.0,0.0,18.06.2018,88,2.1775,0
10300000.0,0.0,18.06.2018,88,2.1775,0
0.0,20900000.0,18.06.2018,88,2.1775,0
15300000.0,0.0,18.06.2018,88,2.1775,0
8200000.0,0.0,18.06.2018,88,2.1775,0
180000000.0,0.0,18.06.2018,88,2.1775,0
27000000.0,0.0,18.06.2018,88,2.1775,0
0.0,43700000.0,18.06.2018,88,2.1775,0
0.0,10000000.0,18.06.2018,88,2.1775,0
5500000.0,0.0,18.06.2018,88,2.1775,0
0.0,10300000.0,18.06.2018,88,2.1775,0
0.0,31000000.0,18.06.2018,88,2.1775,0
0.0,25600000.0,18.06.2018,88,2.1775,0
0.0,51500000.0,18.06.2018,88,2.1775,0
0.0,102300000.0,18.06.2018,88,2.1775,0
86500000.0,0.0,18.06.2018,88,2.1775,0
0.0,87921000.0,18.06.2018,88,2.31,0
0.0,100000000.0,19.06.2018,89,2.1775,0
10900000.0,0.0,19.06.2018,89,2.1775,0
10900000.0,0.0,19.06.2018,89,2.1775,0
50000000.0,0.0,19.06.2018,89,2.1775,0
38000000.0,0.0,19.06.2018,89,2.1775,0
20700000.0,0.0,19.06.2018,89,2.1775,0
20800000.0,0.0,19.06.2018,89,2.1775,0
11000000.0,0.0,19.06.2018,89,2.1775,0
0.0,19100000.0,19.06.2018,89,2.1775,0
10000000.0,0.0,19.06.2018,89,2.1775,0
8800000.0,0.0,19.06.2018,89,2.1775,0
22000000.0,0.0,19.06.2018,89,2.1775,0
22000000.0,0.0,19.06.2018,89,2.1775,0
12500000.0,0.0,19.06.2018,89,2.1775,0
0.0,55000000.0,19.06.2018,89,2.1775,0
96200000.0,0.0,19.06.2018,89,2.1775,0
40800000.0,0.0,19.06.2018,89,2.1775,0
10900000.0,0.0,19.06.2018,89,2.1775,0
0.0,12200000.0,19.06.2018,89,2.1775,0
10400000.0,0.0,19.06.2018,89,2.1775,0
76000000.0,0.0,19.06.2018,89,2.1775,0
0.0,31200000.0,19.06.2018,89,2.1775,0
0.0,12000000.0,19.06.2018,89,2.1775,0
0.0,204000000.0,19.06.2018,89,2.1775,0
0.0,10200000.0,19.06.2018,89,2.1775,0
0.0,10200000.0,19.06.2018,89,2.1775,0
21900000.0,0.0,19.06.2018,89,2.1775,0
30900000.0,0.0,19.06.2018,89,2.1775,0
4500000.0,0.0,19.06.2018,89,2.1775,0
11000000.0,0.0,19.06.2018,89,2.1775,0
0.0,10400000.0,19.06.2018,89,2.1775,0
0.0,11271.33,19.06.2018,89,3.0,0
21300000.0,0.0,20.06.2018,90,2.2018,0
0.0,22000000.0,20.06.2018,90,2.2018,0
10900000.0,0.0,20.06.2018,90,2.2018,0
0.0,12000000.0,20.06.2018,90,2.2018,0
0.0,20400000.0,20.06.2018,90,2.2018,0
8300000.0,0.0,20.06.2018,90,2.2018,0
28000000.0,0.0,20.06.2018,90,2.2018,0
25000000.0,0.0,20.06.2018,90,2.2018,0
0.0,10200000.0,20.06.2018,90,2.2018,0
16300000.0,0.0,20.06.2018,90,2.2018,0
0.0,100800000.0,20.06.2018,90,2.2018,0
14600000.0,0.0,20.06.2018,90,2.2018,0
0.0,208800000.0,20.06.2018,90,2.2018,0
110300000.0,0.0,20.06.2018,90,2.2018,0
0.0,20900000.0,20.06.2018,90,2.2018,0
0.0,20400000.0,20.06.2018,90,2.2018,0
14300000.0,0.0,20.06.2018,90,2.2018,0
20400000.0,0.0,20.06.2018,90,2.2018,0
29500000.0,0.0,20.06.2018,90,2.2018,0
10200000.0,0.0,20.06.2018,90,2.2018,0
10000000.0,0.0,20.06.2018,90,2.2018,0
0.0,200000000.0,20.06.2018,90,2.2018,0
0.0,11000000.0,20.06.2018,90,2.2018,0
0.0,54200000.0,21.06.2018,91,2.2225,0
15100000.0,0.0,21.06.2018,91,2.2225,0
10000000.0,0.0,21.06.2018,91,2.2225,0
10000000.0,0.0,21.06.2018,91,2.2225,0
0.0,20000000.0,21.06.2018,91,2.2225,0
15000000.0,0.0,21.06.2018,91,2.2225,0
0.0,21300000.0,21.06.2018,91,2.2225,0
0.0,20600000.0,21.06.2018,91,2.2225,0
0.0,30800000.0,21.06.2018,91,2.2225,0
103100000.0,0.0,21.06.2018,91,2.2225,0
0.0,204000000.0,21.06.2018,91,2.2225,0
0.0,15000000.0,21.06.2018,91,2.2225,0
0.0,25000000.0,21.06.2018,91,2.2225,0
25000000.0,0.0,21.06.2018,91,2.2225,0
11000000.0,0.0,21.06.2018,91,2.2225,0
0.0,20400000.0,21.06.2018,91,2.2225,0
0.0,25000000.0,21.06.2018,91,2.2225,0
0.0,16700000.0,21.06.2018,91,2.2225,0
0.0,16000000.0,21.06.2018,91,2.2225,0
20400000.0,0.0,21.06.2018,91,2.2225,0
20400000.0,0.0,21.06.2018,91,2.2225,0
21300000.0,0.0,21.06.2018,91,2.2225,0
12400000.0,0.0,21.06.2018,91,2.2225,0
15500000.0,0.0,21.06.2018,91,2.2225,0
40800000.0,0.0,21.06.2018,91,2.2225,0
16700000.0,0.0,21.06.2018,91,2.2225,0
106000000.0,0.0,21.06.2018,91,2.2225,0
0.0,30800000.0,21.06.2018,91,2.2225,0
21300000.0,0.0,22.06.2018,92,2.2481,-1
18000000.0,0.0,22.06.2018,92,2.2481,-1
